date_id,OurDate,Date_MMDDYYYY,Day_of_Week,Month,Day,Year,Month_Name,MonthAbbrev,Year_YY
0,2025-01-01,01/01/2025,Wednesday,01,01,2025,January,JAN,25
10,2025-01-02,01/02/2025,Thursday,01,02,2025,January,JAN,25
20,2025-01-03,01/03/2025,Friday,01,03,2025,January,JAN,25
30,2025-01-04,01/04/2025,Saturday,01,04,2025,January,JAN,25
40,2025-01-05,01/05/2025,Sunday,01,05,2025,January,JAN,25
50,2025-01-06,01/06/2025,Monday,01,06,2025,January,JAN,25
60,2025-01-07,01/07/2025,Tuesday,01,07,2025,January,JAN,25
70,2025-01-08,01/08/2025,Wednesday,01,08,2025,January,JAN,25
80,2025-01-09,01/09/2025,Thursday,01,09,2025,January,JAN,25
90,2025-01-10,01/10/2025,Friday,01,10,2025,January,JAN,25
100,2025-01-11,01/11/2025,Saturday,01,11,2025,January,JAN,25
110,2025-01-12,01/12/2025,Sunday,01,12,2025,January,JAN,25
120,2025-01-13,01/13/2025,Monday,01,13,2025,January,JAN,25
130,2025-01-14,01/14/2025,Tuesday,01,14,2025,January,JAN,25
140,2025-01-15,01/15/2025,Wednesday,01,15,2025,January,JAN,25
150,2025-01-16,01/16/2025,Thursday,01,16,2025,January,JAN,25
160,2025-01-17,01/17/2025,Friday,01,17,2025,January,JAN,25
170,2025-01-18,01/18/2025,Saturday,01,18,2025,January,JAN,25
180,2025-01-19,01/19/2025,Sunday,01,19,2025,January,JAN,25
190,2025-01-20,01/20/2025,Monday,01,20,2025,January,JAN,25
200,2025-01-21,01/21/2025,Tuesday,01,21,2025,January,JAN,25
210,2025-01-22,01/22/2025,Wednesday,01,22,2025,January,JAN,25
220,2025-01-23,01/23/2025,Thursday,01,23,2025,January,JAN,25
230,2025-01-24,01/24/2025,Friday,01,24,2025,January,JAN,25
240,2025-01-25,01/25/2025,Saturday,01,25,2025,January,JAN,25
250,2025-01-26,01/26/2025,Sunday,01,26,2025,January,JAN,25
260,2025-01-27,01/27/2025,Monday,01,27,2025,January,JAN,25
270,2025-01-28,01/28/2025,Tuesday,01,28,2025,January,JAN,25
280,2025-01-29,01/29/2025,Wednesday,01,29,2025,January,JAN,25
290,2025-01-30,01/30/2025,Thursday,01,30,2025,January,JAN,25
300,2025-01-31,01/31/2025,Friday,01,31,2025,January,JAN,25
310,2025-02-01,02/01/2025,Saturday,02,01,2025,February,FEB,25
320,2025-02-02,02/02/2025,Sunday,02,02,2025,February,FEB,25
330,2025-02-03,02/03/2025,Monday,02,03,2025,February,FEB,25
340,2025-02-04,02/04/2025,Tuesday,02,04,2025,February,FEB,25
350,2025-02-05,02/05/2025,Wednesday,02,05,2025,February,FEB,25
360,2025-02-06,02/06/2025,Thursday,02,06,2025,February,FEB,25
370,2025-02-07,02/07/2025,Friday,02,07,2025,February,FEB,25
380,2025-02-08,02/08/2025,Saturday,02,08,2025,February,FEB,25
390,2025-02-09,02/09/2025,Sunday,02,09,2025,February,FEB,25
400,2025-02-10,02/10/2025,Monday,02,10,2025,February,FEB,25
410,2025-02-11,02/11/2025,Tuesday,02,11,2025,February,FEB,25
420,2025-02-12,02/12/2025,Wednesday,02,12,2025,February,FEB,25
430,2025-02-13,02/13/2025,Thursday,02,13,2025,February,FEB,25
440,2025-02-14,02/14/2025,Friday,02,14,2025,February,FEB,25
450,2025-02-15,02/15/2025,Saturday,02,15,2025,February,FEB,25
460,2025-02-16,02/16/2025,Sunday,02,16,2025,February,FEB,25
470,2025-02-17,02/17/2025,Monday,02,17,2025,February,FEB,25
480,2025-02-18,02/18/2025,Tuesday,02,18,2025,February,FEB,25
490,2025-02-19,02/19/2025,Wednesday,02,19,2025,February,FEB,25
500,2025-02-20,02/20/2025,Thursday,02,20,2025,February,FEB,25
510,2025-02-21,02/21/2025,Friday,02,21,2025,February,FEB,25
520,2025-02-22,02/22/2025,Saturday,02,22,2025,February,FEB,25
530,2025-02-23,02/23/2025,Sunday,02,23,2025,February,FEB,25
540,2025-02-24,02/24/2025,Monday,02,24,2025,February,FEB,25
550,2025-02-25,02/25/2025,Tuesday,02,25,2025,February,FEB,25
560,2025-02-26,02/26/2025,Wednesday,02,26,2025,February,FEB,25
570,2025-02-27,02/27/2025,Thursday,02,27,2025,February,FEB,25
580,2025-02-28,02/28/2025,Friday,02,28,2025,February,FEB,25
590,2025-03-01,03/01/2025,Saturday,03,01,2025,March,MAR,25
600,2025-03-02,03/02/2025,Sunday,03,02,2025,March,MAR,25
610,2025-03-03,03/03/2025,Monday,03,03,2025,March,MAR,25
620,2025-03-04,03/04/2025,Tuesday,03,04,2025,March,MAR,25
630,2025-03-05,03/05/2025,Wednesday,03,05,2025,March,MAR,25
640,2025-03-06,03/06/2025,Thursday,03,06,2025,March,MAR,25
650,2025-03-07,03/07/2025,Friday,03,07,2025,March,MAR,25
660,2025-03-08,03/08/2025,Saturday,03,08,2025,March,MAR,25
670,2025-03-09,03/09/2025,Sunday,03,09,2025,March,MAR,25
680,2025-03-10,03/10/2025,Monday,03,10,2025,March,MAR,25
690,2025-03-11,03/11/2025,Tuesday,03,11,2025,March,MAR,25
700,2025-03-12,03/12/2025,Wednesday,03,12,2025,March,MAR,25
710,2025-03-13,03/13/2025,Thursday,03,13,2025,March,MAR,25
720,2025-03-14,03/14/2025,Friday,03,14,2025,March,MAR,25
730,2025-03-15,03/15/2025,Saturday,03,15,2025,March,MAR,25
740,2025-03-16,03/16/2025,Sunday,03,16,2025,March,MAR,25
750,2025-03-17,03/17/2025,Monday,03,17,2025,March,MAR,25
760,2025-03-18,03/18/2025,Tuesday,03,18,2025,March,MAR,25
770,2025-03-19,03/19/2025,Wednesday,03,19,2025,March,MAR,25
780,2025-03-20,03/20/2025,Thursday,03,20,2025,March,MAR,25
790,2025-03-21,03/21/2025,Friday,03,21,2025,March,MAR,25
800,2025-03-22,03/22/2025,Saturday,03,22,2025,March,MAR,25
810,2025-03-23,03/23/2025,Sunday,03,23,2025,March,MAR,25
820,2025-03-24,03/24/2025,Monday,03,24,2025,March,MAR,25
830,2025-03-25,03/25/2025,Tuesday,03,25,2025,March,MAR,25
840,2025-03-26,03/26/2025,Wednesday,03,26,2025,March,MAR,25
850,2025-03-27,03/27/2025,Thursday,03,27,2025,March,MAR,25
860,2025-03-28,03/28/2025,Friday,03,28,2025,March,MAR,25
870,2025-03-29,03/29/2025,Saturday,03,29,2025,March,MAR,25
880,2025-03-30,03/30/2025,Sunday,03,30,2025,March,MAR,25
890,2025-03-31,03/31/2025,Monday,03,31,2025,March,MAR,25
900,2025-04-01,04/01/2025,Tuesday,04,01,2025,April,APR,25
910,2025-04-02,04/02/2025,Wednesday,04,02,2025,April,APR,25
920,2025-04-03,04/03/2025,Thursday,04,03,2025,April,APR,25
930,2025-04-04,04/04/2025,Friday,04,04,2025,April,APR,25
940,2025-04-05,04/05/2025,Saturday,04,05,2025,April,APR,25
950,2025-04-06,04/06/2025,Sunday,04,06,2025,April,APR,25
960,2025-04-07,04/07/2025,Monday,04,07,2025,April,APR,25
970,2025-04-08,04/08/2025,Tuesday,04,08,2025,April,APR,25
980,2025-04-09,04/09/2025,Wednesday,04,09,2025,April,APR,25
990,2025-04-10,04/10/2025,Thursday,04,10,2025,April,APR,25
1000,2025-04-11,04/11/2025,Friday,04,11,2025,April,APR,25
1010,2025-04-12,04/12/2025,Saturday,04,12,2025,April,APR,25
1020,2025-04-13,04/13/2025,Sunday,04,13,2025,April,APR,25
1030,2025-04-14,04/14/2025,Monday,04,14,2025,April,APR,25
1040,2025-04-15,04/15/2025,Tuesday,04,15,2025,April,APR,25
1050,2025-04-16,04/16/2025,Wednesday,04,16,2025,April,APR,25
1060,2025-04-17,04/17/2025,Thursday,04,17,2025,April,APR,25
1070,2025-04-18,04/18/2025,Friday,04,18,2025,April,APR,25
1080,2025-04-19,04/19/2025,Saturday,04,19,2025,April,APR,25
1090,2025-04-20,04/20/2025,Sunday,04,20,2025,April,APR,25
1100,2025-04-21,04/21/2025,Monday,04,21,2025,April,APR,25
1110,2025-04-22,04/22/2025,Tuesday,04,22,2025,April,APR,25
1120,2025-04-23,04/23/2025,Wednesday,04,23,2025,April,APR,25
1130,2025-04-24,04/24/2025,Thursday,04,24,2025,April,APR,25
1140,2025-04-25,04/25/2025,Friday,04,25,2025,April,APR,25
1150,2025-04-26,04/26/2025,Saturday,04,26,2025,April,APR,25
1160,2025-04-27,04/27/2025,Sunday,04,27,2025,April,APR,25
1170,2025-04-28,04/28/2025,Monday,04,28,2025,April,APR,25
1180,2025-04-29,04/29/2025,Tuesday,04,29,2025,April,APR,25
1190,2025-04-30,04/30/2025,Wednesday,04,30,2025,April,APR,25
1200,2025-05-01,05/01/2025,Thursday,05,01,2025,May,MAY,25
1210,2025-05-02,05/02/2025,Friday,05,02,2025,May,MAY,25
1220,2025-05-03,05/03/2025,Saturday,05,03,2025,May,MAY,25
1230,2025-05-04,05/04/2025,Sunday,05,04,2025,May,MAY,25
1240,2025-05-05,05/05/2025,Monday,05,05,2025,May,MAY,25
1250,2025-05-06,05/06/2025,Tuesday,05,06,2025,May,MAY,25
1260,2025-05-07,05/07/2025,Wednesday,05,07,2025,May,MAY,25
1270,2025-05-08,05/08/2025,Thursday,05,08,2025,May,MAY,25
1280,2025-05-09,05/09/2025,Friday,05,09,2025,May,MAY,25
1290,2025-05-10,05/10/2025,Saturday,05,10,2025,May,MAY,25
1300,2025-05-11,05/11/2025,Sunday,05,11,2025,May,MAY,25
1310,2025-05-12,05/12/2025,Monday,05,12,2025,May,MAY,25
1320,2025-05-13,05/13/2025,Tuesday,05,13,2025,May,MAY,25
1330,2025-05-14,05/14/2025,Wednesday,05,14,2025,May,MAY,25
1340,2025-05-15,05/15/2025,Thursday,05,15,2025,May,MAY,25
1350,2025-05-16,05/16/2025,Friday,05,16,2025,May,MAY,25
1360,2025-05-17,05/17/2025,Saturday,05,17,2025,May,MAY,25
1370,2025-05-18,05/18/2025,Sunday,05,18,2025,May,MAY,25
1380,2025-05-19,05/19/2025,Monday,05,19,2025,May,MAY,25
1390,2025-05-20,05/20/2025,Tuesday,05,20,2025,May,MAY,25
1400,2025-05-21,05/21/2025,Wednesday,05,21,2025,May,MAY,25
1410,2025-05-22,05/22/2025,Thursday,05,22,2025,May,MAY,25
1420,2025-05-23,05/23/2025,Friday,05,23,2025,May,MAY,25
1430,2025-05-24,05/24/2025,Saturday,05,24,2025,May,MAY,25
1440,2025-05-25,05/25/2025,Sunday,05,25,2025,May,MAY,25
1450,2025-05-26,05/26/2025,Monday,05,26,2025,May,MAY,25
1460,2025-05-27,05/27/2025,Tuesday,05,27,2025,May,MAY,25
1470,2025-05-28,05/28/2025,Wednesday,05,28,2025,May,MAY,25
1480,2025-05-29,05/29/2025,Thursday,05,29,2025,May,MAY,25
1490,2025-05-30,05/30/2025,Friday,05,30,2025,May,MAY,25
1500,2025-05-31,05/31/2025,Saturday,05,31,2025,May,MAY,25
1510,2025-06-01,06/01/2025,Sunday,06,01,2025,June,JUN,25
1520,2025-06-02,06/02/2025,Monday,06,02,2025,June,JUN,25
1530,2025-06-03,06/03/2025,Tuesday,06,03,2025,June,JUN,25
1540,2025-06-04,06/04/2025,Wednesday,06,04,2025,June,JUN,25
1550,2025-06-05,06/05/2025,Thursday,06,05,2025,June,JUN,25
1560,2025-06-06,06/06/2025,Friday,06,06,2025,June,JUN,25
1570,2025-06-07,06/07/2025,Saturday,06,07,2025,June,JUN,25
1580,2025-06-08,06/08/2025,Sunday,06,08,2025,June,JUN,25
1590,2025-06-09,06/09/2025,Monday,06,09,2025,June,JUN,25
1600,2025-06-10,06/10/2025,Tuesday,06,10,2025,June,JUN,25
1610,2025-06-11,06/11/2025,Wednesday,06,11,2025,June,JUN,25
1620,2025-06-12,06/12/2025,Thursday,06,12,2025,June,JUN,25
1630,2025-06-13,06/13/2025,Friday,06,13,2025,June,JUN,25
1640,2025-06-14,06/14/2025,Saturday,06,14,2025,June,JUN,25
1650,2025-06-15,06/15/2025,Sunday,06,15,2025,June,JUN,25
1660,2025-06-16,06/16/2025,Monday,06,16,2025,June,JUN,25
1670,2025-06-17,06/17/2025,Tuesday,06,17,2025,June,JUN,25
1680,2025-06-18,06/18/2025,Wednesday,06,18,2025,June,JUN,25
1690,2025-06-19,06/19/2025,Thursday,06,19,2025,June,JUN,25
1700,2025-06-20,06/20/2025,Friday,06,20,2025,June,JUN,25
1710,2025-06-21,06/21/2025,Saturday,06,21,2025,June,JUN,25
1720,2025-06-22,06/22/2025,Sunday,06,22,2025,June,JUN,25
1730,2025-06-23,06/23/2025,Monday,06,23,2025,June,JUN,25
1740,2025-06-24,06/24/2025,Tuesday,06,24,2025,June,JUN,25
1750,2025-06-25,06/25/2025,Wednesday,06,25,2025,June,JUN,25
1760,2025-06-26,06/26/2025,Thursday,06,26,2025,June,JUN,25
1770,2025-06-27,06/27/2025,Friday,06,27,2025,June,JUN,25
1780,2025-06-28,06/28/2025,Saturday,06,28,2025,June,JUN,25
1790,2025-06-29,06/29/2025,Sunday,06,29,2025,June,JUN,25
1800,2025-06-30,06/30/2025,Monday,06,30,2025,June,JUN,25
1810,2025-07-01,07/01/2025,Tuesday,07,01,2025,July,JUL,25
1820,2025-07-02,07/02/2025,Wednesday,07,02,2025,July,JUL,25
1830,2025-07-03,07/03/2025,Thursday,07,03,2025,July,JUL,25
1840,2025-07-04,07/04/2025,Friday,07,04,2025,July,JUL,25
1850,2025-07-05,07/05/2025,Saturday,07,05,2025,July,JUL,25
1860,2025-07-06,07/06/2025,Sunday,07,06,2025,July,JUL,25
1870,2025-07-07,07/07/2025,Monday,07,07,2025,July,JUL,25
1880,2025-07-08,07/08/2025,Tuesday,07,08,2025,July,JUL,25
1890,2025-07-09,07/09/2025,Wednesday,07,09,2025,July,JUL,25
1900,2025-07-10,07/10/2025,Thursday,07,10,2025,July,JUL,25
1910,2025-07-11,07/11/2025,Friday,07,11,2025,July,JUL,25
1920,2025-07-12,07/12/2025,Saturday,07,12,2025,July,JUL,25
1930,2025-07-13,07/13/2025,Sunday,07,13,2025,July,JUL,25
1940,2025-07-14,07/14/2025,Monday,07,14,2025,July,JUL,25
1950,2025-07-15,07/15/2025,Tuesday,07,15,2025,July,JUL,25
1960,2025-07-16,07/16/2025,Wednesday,07,16,2025,July,JUL,25
1970,2025-07-17,07/17/2025,Thursday,07,17,2025,July,JUL,25
1980,2025-07-18,07/18/2025,Friday,07,18,2025,July,JUL,25
1990,2025-07-19,07/19/2025,Saturday,07,19,2025,July,JUL,25
2000,2025-07-20,07/20/2025,Sunday,07,20,2025,July,JUL,25
2010,2025-07-21,07/21/2025,Monday,07,21,2025,July,JUL,25
2020,2025-07-22,07/22/2025,Tuesday,07,22,2025,July,JUL,25
2030,2025-07-23,07/23/2025,Wednesday,07,23,2025,July,JUL,25
2040,2025-07-24,07/24/2025,Thursday,07,24,2025,July,JUL,25
2050,2025-07-25,07/25/2025,Friday,07,25,2025,July,JUL,25
2060,2025-07-26,07/26/2025,Saturday,07,26,2025,July,JUL,25
2070,2025-07-27,07/27/2025,Sunday,07,27,2025,July,JUL,25
2080,2025-07-28,07/28/2025,Monday,07,28,2025,July,JUL,25
2090,2025-07-29,07/29/2025,Tuesday,07,29,2025,July,JUL,25
2100,2025-07-30,07/30/2025,Wednesday,07,30,2025,July,JUL,25
2110,2025-07-31,07/31/2025,Thursday,07,31,2025,July,JUL,25
2120,2025-08-01,08/01/2025,Friday,08,01,2025,August,AUG,25
2130,2025-08-02,08/02/2025,Saturday,08,02,2025,August,AUG,25
2140,2025-08-03,08/03/2025,Sunday,08,03,2025,August,AUG,25
2150,2025-08-04,08/04/2025,Monday,08,04,2025,August,AUG,25
2160,2025-08-05,08/05/2025,Tuesday,08,05,2025,August,AUG,25
2170,2025-08-06,08/06/2025,Wednesday,08,06,2025,August,AUG,25
2180,2025-08-07,08/07/2025,Thursday,08,07,2025,August,AUG,25
2190,2025-08-08,08/08/2025,Friday,08,08,2025,August,AUG,25
2200,2025-08-09,08/09/2025,Saturday,08,09,2025,August,AUG,25
2210,2025-08-10,08/10/2025,Sunday,08,10,2025,August,AUG,25
2220,2025-08-11,08/11/2025,Monday,08,11,2025,August,AUG,25
2230,2025-08-12,08/12/2025,Tuesday,08,12,2025,August,AUG,25
2240,2025-08-13,08/13/2025,Wednesday,08,13,2025,August,AUG,25
2250,2025-08-14,08/14/2025,Thursday,08,14,2025,August,AUG,25
2260,2025-08-15,08/15/2025,Friday,08,15,2025,August,AUG,25
2270,2025-08-16,08/16/2025,Saturday,08,16,2025,August,AUG,25
2280,2025-08-17,08/17/2025,Sunday,08,17,2025,August,AUG,25
2290,2025-08-18,08/18/2025,Monday,08,18,2025,August,AUG,25
2300,2025-08-19,08/19/2025,Tuesday,08,19,2025,August,AUG,25
2310,2025-08-20,08/20/2025,Wednesday,08,20,2025,August,AUG,25
2320,2025-08-21,08/21/2025,Thursday,08,21,2025,August,AUG,25
2330,2025-08-22,08/22/2025,Friday,08,22,2025,August,AUG,25
2340,2025-08-23,08/23/2025,Saturday,08,23,2025,August,AUG,25
2350,2025-08-24,08/24/2025,Sunday,08,24,2025,August,AUG,25
2360,2025-08-25,08/25/2025,Monday,08,25,2025,August,AUG,25
2370,2025-08-26,08/26/2025,Tuesday,08,26,2025,August,AUG,25
2380,2025-08-27,08/27/2025,Wednesday,08,27,2025,August,AUG,25
2390,2025-08-28,08/28/2025,Thursday,08,28,2025,August,AUG,25
2400,2025-08-29,08/29/2025,Friday,08,29,2025,August,AUG,25
2410,2025-08-30,08/30/2025,Saturday,08,30,2025,August,AUG,25
2420,2025-08-31,08/31/2025,Sunday,08,31,2025,August,AUG,25
2430,2025-09-01,09/01/2025,Monday,09,01,2025,September,SEP,25
2440,2025-09-02,09/02/2025,Tuesday,09,02,2025,September,SEP,25
2450,2025-09-03,09/03/2025,Wednesday,09,03,2025,September,SEP,25
2460,2025-09-04,09/04/2025,Thursday,09,04,2025,September,SEP,25
2470,2025-09-05,09/05/2025,Friday,09,05,2025,September,SEP,25
2480,2025-09-06,09/06/2025,Saturday,09,06,2025,September,SEP,25
2490,2025-09-07,09/07/2025,Sunday,09,07,2025,September,SEP,25
2500,2025-09-08,09/08/2025,Monday,09,08,2025,September,SEP,25
2510,2025-09-09,09/09/2025,Tuesday,09,09,2025,September,SEP,25
2520,2025-09-10,09/10/2025,Wednesday,09,10,2025,September,SEP,25
2530,2025-09-11,09/11/2025,Thursday,09,11,2025,September,SEP,25
2540,2025-09-12,09/12/2025,Friday,09,12,2025,September,SEP,25
2550,2025-09-13,09/13/2025,Saturday,09,13,2025,September,SEP,25
2560,2025-09-14,09/14/2025,Sunday,09,14,2025,September,SEP,25
2570,2025-09-15,09/15/2025,Monday,09,15,2025,September,SEP,25
2580,2025-09-16,09/16/2025,Tuesday,09,16,2025,September,SEP,25
2590,2025-09-17,09/17/2025,Wednesday,09,17,2025,September,SEP,25
2600,2025-09-18,09/18/2025,Thursday,09,18,2025,September,SEP,25
2610,2025-09-19,09/19/2025,Friday,09,19,2025,September,SEP,25
2620,2025-09-20,09/20/2025,Saturday,09,20,2025,September,SEP,25
2630,2025-09-21,09/21/2025,Sunday,09,21,2025,September,SEP,25
2640,2025-09-22,09/22/2025,Monday,09,22,2025,September,SEP,25
2650,2025-09-23,09/23/2025,Tuesday,09,23,2025,September,SEP,25
2660,2025-09-24,09/24/2025,Wednesday,09,24,2025,September,SEP,25
2670,2025-09-25,09/25/2025,Thursday,09,25,2025,September,SEP,25
2680,2025-09-26,09/26/2025,Friday,09,26,2025,September,SEP,25
2690,2025-09-27,09/27/2025,Saturday,09,27,2025,September,SEP,25
2700,2025-09-28,09/28/2025,Sunday,09,28,2025,September,SEP,25
2710,2025-09-29,09/29/2025,Monday,09,29,2025,September,SEP,25
2720,2025-09-30,09/30/2025,Tuesday,09,30,2025,September,SEP,25
2730,2025-10-01,10/01/2025,Wednesday,10,01,2025,October,OCT,25
2740,2025-10-02,10/02/2025,Thursday,10,02,2025,October,OCT,25
2750,2025-10-03,10/03/2025,Friday,10,03,2025,October,OCT,25
2760,2025-10-04,10/04/2025,Saturday,10,04,2025,October,OCT,25
2770,2025-10-05,10/05/2025,Sunday,10,05,2025,October,OCT,25
2780,2025-10-06,10/06/2025,Monday,10,06,2025,October,OCT,25
2790,2025-10-07,10/07/2025,Tuesday,10,07,2025,October,OCT,25
2800,2025-10-08,10/08/2025,Wednesday,10,08,2025,October,OCT,25
2810,2025-10-09,10/09/2025,Thursday,10,09,2025,October,OCT,25
2820,2025-10-10,10/10/2025,Friday,10,10,2025,October,OCT,25
2830,2025-10-11,10/11/2025,Saturday,10,11,2025,October,OCT,25
2840,2025-10-12,10/12/2025,Sunday,10,12,2025,October,OCT,25
2850,2025-10-13,10/13/2025,Monday,10,13,2025,October,OCT,25
2860,2025-10-14,10/14/2025,Tuesday,10,14,2025,October,OCT,25
2870,2025-10-15,10/15/2025,Wednesday,10,15,2025,October,OCT,25
2880,2025-10-16,10/16/2025,Thursday,10,16,2025,October,OCT,25
2890,2025-10-17,10/17/2025,Friday,10,17,2025,October,OCT,25
2900,2025-10-18,10/18/2025,Saturday,10,18,2025,October,OCT,25
2910,2025-10-19,10/19/2025,Sunday,10,19,2025,October,OCT,25
2920,2025-10-20,10/20/2025,Monday,10,20,2025,October,OCT,25
2930,2025-10-21,10/21/2025,Tuesday,10,21,2025,October,OCT,25
2940,2025-10-22,10/22/2025,Wednesday,10,22,2025,October,OCT,25
2950,2025-10-23,10/23/2025,Thursday,10,23,2025,October,OCT,25
2960,2025-10-24,10/24/2025,Friday,10,24,2025,October,OCT,25
2970,2025-10-25,10/25/2025,Saturday,10,25,2025,October,OCT,25
2980,2025-10-26,10/26/2025,Sunday,10,26,2025,October,OCT,25
2990,2025-10-27,10/27/2025,Monday,10,27,2025,October,OCT,25
3000,2025-10-28,10/28/2025,Tuesday,10,28,2025,October,OCT,25
3010,2025-10-29,10/29/2025,Wednesday,10,29,2025,October,OCT,25
3020,2025-10-30,10/30/2025,Thursday,10,30,2025,October,OCT,25
3030,2025-10-31,10/31/2025,Friday,10,31,2025,October,OCT,25
3040,2025-11-01,11/01/2025,Saturday,11,01,2025,November,NOV,25
3050,2025-11-02,11/02/2025,Sunday,11,02,2025,November,NOV,25
3060,2025-11-03,11/03/2025,Monday,11,03,2025,November,NOV,25
3070,2025-11-04,11/04/2025,Tuesday,11,04,2025,November,NOV,25
3080,2025-11-05,11/05/2025,Wednesday,11,05,2025,November,NOV,25
3090,2025-11-06,11/06/2025,Thursday,11,06,2025,November,NOV,25
3100,2025-11-07,11/07/2025,Friday,11,07,2025,November,NOV,25
3110,2025-11-08,11/08/2025,Saturday,11,08,2025,November,NOV,25
3120,2025-11-09,11/09/2025,Sunday,11,09,2025,November,NOV,25
3130,2025-11-10,11/10/2025,Monday,11,10,2025,November,NOV,25
3140,2025-11-11,11/11/2025,Tuesday,11,11,2025,November,NOV,25
3150,2025-11-12,11/12/2025,Wednesday,11,12,2025,November,NOV,25
3160,2025-11-13,11/13/2025,Thursday,11,13,2025,November,NOV,25
3170,2025-11-14,11/14/2025,Friday,11,14,2025,November,NOV,25
3180,2025-11-15,11/15/2025,Saturday,11,15,2025,November,NOV,25
3190,2025-11-16,11/16/2025,Sunday,11,16,2025,November,NOV,25
3200,2025-11-17,11/17/2025,Monday,11,17,2025,November,NOV,25
3210,2025-11-18,11/18/2025,Tuesday,11,18,2025,November,NOV,25
3220,2025-11-19,11/19/2025,Wednesday,11,19,2025,November,NOV,25
3230,2025-11-20,11/20/2025,Thursday,11,20,2025,November,NOV,25
3240,2025-11-21,11/21/2025,Friday,11,21,2025,November,NOV,25
3250,2025-11-22,11/22/2025,Saturday,11,22,2025,November,NOV,25
3260,2025-11-23,11/23/2025,Sunday,11,23,2025,November,NOV,25
3270,2025-11-24,11/24/2025,Monday,11,24,2025,November,NOV,25
3280,2025-11-25,11/25/2025,Tuesday,11,25,2025,November,NOV,25
3290,2025-11-26,11/26/2025,Wednesday,11,26,2025,November,NOV,25
3300,2025-11-27,11/27/2025,Thursday,11,27,2025,November,NOV,25
3310,2025-11-28,11/28/2025,Friday,11,28,2025,November,NOV,25
3320,2025-11-29,11/29/2025,Saturday,11,29,2025,November,NOV,25
3330,2025-11-30,11/30/2025,Sunday,11,30,2025,November,NOV,25
3340,2025-12-01,12/01/2025,Monday,12,01,2025,December,DEC,25
3350,2025-12-02,12/02/2025,Tuesday,12,02,2025,December,DEC,25
3360,2025-12-03,12/03/2025,Wednesday,12,03,2025,December,DEC,25
3370,2025-12-04,12/04/2025,Thursday,12,04,2025,December,DEC,25
3380,2025-12-05,12/05/2025,Friday,12,05,2025,December,DEC,25
3390,2025-12-06,12/06/2025,Saturday,12,06,2025,December,DEC,25
3400,2025-12-07,12/07/2025,Sunday,12,07,2025,December,DEC,25
3410,2025-12-08,12/08/2025,Monday,12,08,2025,December,DEC,25
3420,2025-12-09,12/09/2025,Tuesday,12,09,2025,December,DEC,25
3430,2025-12-10,12/10/2025,Wednesday,12,10,2025,December,DEC,25
3440,2025-12-11,12/11/2025,Thursday,12,11,2025,December,DEC,25
3450,2025-12-12,12/12/2025,Friday,12,12,2025,December,DEC,25
3460,2025-12-13,12/13/2025,Saturday,12,13,2025,December,DEC,25
3470,2025-12-14,12/14/2025,Sunday,12,14,2025,December,DEC,25
3480,2025-12-15,12/15/2025,Monday,12,15,2025,December,DEC,25
3490,2025-12-16,12/16/2025,Tuesday,12,16,2025,December,DEC,25
3500,2025-12-17,12/17/2025,Wednesday,12,17,2025,December,DEC,25
3510,2025-12-18,12/18/2025,Thursday,12,18,2025,December,DEC,25
3520,2025-12-19,12/19/2025,Friday,12,19,2025,December,DEC,25
3530,2025-12-20,12/20/2025,Saturday,12,20,2025,December,DEC,25
3540,2025-12-21,12/21/2025,Sunday,12,21,2025,December,DEC,25
3550,2025-12-22,12/22/2025,Monday,12,22,2025,December,DEC,25
3560,2025-12-23,12/23/2025,Tuesday,12,23,2025,December,DEC,25
3570,2025-12-24,12/24/2025,Wednesday,12,24,2025,December,DEC,25
3580,2025-12-25,12/25/2025,Thursday,12,25,2025,December,DEC,25
3590,2025-12-26,12/26/2025,Friday,12,26,2025,December,DEC,25
3600,2025-12-27,12/27/2025,Saturday,12,27,2025,December,DEC,25
3610,2025-12-28,12/28/2025,Sunday,12,28,2025,December,DEC,25
3620,2025-12-29,12/29/2025,Monday,12,29,2025,December,DEC,25
3630,2025-12-30,12/30/2025,Tuesday,12,30,2025,December,DEC,25
3640,2025-12-31,12/31/2025,Wednesday,12,31,2025,December,DEC,25
3650,2026-01-01,01/01/2026,Thursday,01,01,2026,January,JAN,26
3660,2026-01-02,01/02/2026,Friday,01,02,2026,January,JAN,26
3670,2026-01-03,01/03/2026,Saturday,01,03,2026,January,JAN,26
3680,2026-01-04,01/04/2026,Sunday,01,04,2026,January,JAN,26
3690,2026-01-05,01/05/2026,Monday,01,05,2026,January,JAN,26
3700,2026-01-06,01/06/2026,Tuesday,01,06,2026,January,JAN,26
3710,2026-01-07,01/07/2026,Wednesday,01,07,2026,January,JAN,26
3720,2026-01-08,01/08/2026,Thursday,01,08,2026,January,JAN,26
3730,2026-01-09,01/09/2026,Friday,01,09,2026,January,JAN,26
3740,2026-01-10,01/10/2026,Saturday,01,10,2026,January,JAN,26
3750,2026-01-11,01/11/2026,Sunday,01,11,2026,January,JAN,26
3760,2026-01-12,01/12/2026,Monday,01,12,2026,January,JAN,26
3770,2026-01-13,01/13/2026,Tuesday,01,13,2026,January,JAN,26
3780,2026-01-14,01/14/2026,Wednesday,01,14,2026,January,JAN,26
3790,2026-01-15,01/15/2026,Thursday,01,15,2026,January,JAN,26
3800,2026-01-16,01/16/2026,Friday,01,16,2026,January,JAN,26
3810,2026-01-17,01/17/2026,Saturday,01,17,2026,January,JAN,26
3820,2026-01-18,01/18/2026,Sunday,01,18,2026,January,JAN,26
3830,2026-01-19,01/19/2026,Monday,01,19,2026,January,JAN,26
3840,2026-01-20,01/20/2026,Tuesday,01,20,2026,January,JAN,26
3850,2026-01-21,01/21/2026,Wednesday,01,21,2026,January,JAN,26
3860,2026-01-22,01/22/2026,Thursday,01,22,2026,January,JAN,26
3870,2026-01-23,01/23/2026,Friday,01,23,2026,January,JAN,26
3880,2026-01-24,01/24/2026,Saturday,01,24,2026,January,JAN,26
3890,2026-01-25,01/25/2026,Sunday,01,25,2026,January,JAN,26
3900,2026-01-26,01/26/2026,Monday,01,26,2026,January,JAN,26
3910,2026-01-27,01/27/2026,Tuesday,01,27,2026,January,JAN,26
3920,2026-01-28,01/28/2026,Wednesday,01,28,2026,January,JAN,26
3930,2026-01-29,01/29/2026,Thursday,01,29,2026,January,JAN,26
3940,2026-01-30,01/30/2026,Friday,01,30,2026,January,JAN,26
3950,2026-01-31,01/31/2026,Saturday,01,31,2026,January,JAN,26
3960,2026-02-01,02/01/2026,Sunday,02,01,2026,February,FEB,26
3970,2026-02-02,02/02/2026,Monday,02,02,2026,February,FEB,26
3980,2026-02-03,02/03/2026,Tuesday,02,03,2026,February,FEB,26
3990,2026-02-04,02/04/2026,Wednesday,02,04,2026,February,FEB,26
4000,2026-02-05,02/05/2026,Thursday,02,05,2026,February,FEB,26
4010,2026-02-06,02/06/2026,Friday,02,06,2026,February,FEB,26
4020,2026-02-07,02/07/2026,Saturday,02,07,2026,February,FEB,26
4030,2026-02-08,02/08/2026,Sunday,02,08,2026,February,FEB,26
4040,2026-02-09,02/09/2026,Monday,02,09,2026,February,FEB,26
4050,2026-02-10,02/10/2026,Tuesday,02,10,2026,February,FEB,26
4060,2026-02-11,02/11/2026,Wednesday,02,11,2026,February,FEB,26
4070,2026-02-12,02/12/2026,Thursday,02,12,2026,February,FEB,26
4080,2026-02-13,02/13/2026,Friday,02,13,2026,February,FEB,26
4090,2026-02-14,02/14/2026,Saturday,02,14,2026,February,FEB,26
4100,2026-02-15,02/15/2026,Sunday,02,15,2026,February,FEB,26
4110,2026-02-16,02/16/2026,Monday,02,16,2026,February,FEB,26
4120,2026-02-17,02/17/2026,Tuesday,02,17,2026,February,FEB,26
4130,2026-02-18,02/18/2026,Wednesday,02,18,2026,February,FEB,26
4140,2026-02-19,02/19/2026,Thursday,02,19,2026,February,FEB,26
4150,2026-02-20,02/20/2026,Friday,02,20,2026,February,FEB,26
4160,2026-02-21,02/21/2026,Saturday,02,21,2026,February,FEB,26
4170,2026-02-22,02/22/2026,Sunday,02,22,2026,February,FEB,26
4180,2026-02-23,02/23/2026,Monday,02,23,2026,February,FEB,26
4190,2026-02-24,02/24/2026,Tuesday,02,24,2026,February,FEB,26
4200,2026-02-25,02/25/2026,Wednesday,02,25,2026,February,FEB,26
4210,2026-02-26,02/26/2026,Thursday,02,26,2026,February,FEB,26
4220,2026-02-27,02/27/2026,Friday,02,27,2026,February,FEB,26
4230,2026-02-28,02/28/2026,Saturday,02,28,2026,February,FEB,26
4240,2026-03-01,03/01/2026,Sunday,03,01,2026,March,MAR,26
4250,2026-03-02,03/02/2026,Monday,03,02,2026,March,MAR,26
4260,2026-03-03,03/03/2026,Tuesday,03,03,2026,March,MAR,26
4270,2026-03-04,03/04/2026,Wednesday,03,04,2026,March,MAR,26
4280,2026-03-05,03/05/2026,Thursday,03,05,2026,March,MAR,26
4290,2026-03-06,03/06/2026,Friday,03,06,2026,March,MAR,26
4300,2026-03-07,03/07/2026,Saturday,03,07,2026,March,MAR,26
4310,2026-03-08,03/08/2026,Sunday,03,08,2026,March,MAR,26
4320,2026-03-09,03/09/2026,Monday,03,09,2026,March,MAR,26
4330,2026-03-10,03/10/2026,Tuesday,03,10,2026,March,MAR,26
4340,2026-03-11,03/11/2026,Wednesday,03,11,2026,March,MAR,26
4350,2026-03-12,03/12/2026,Thursday,03,12,2026,March,MAR,26
4360,2026-03-13,03/13/2026,Friday,03,13,2026,March,MAR,26
4370,2026-03-14,03/14/2026,Saturday,03,14,2026,March,MAR,26
4380,2026-03-15,03/15/2026,Sunday,03,15,2026,March,MAR,26
4390,2026-03-16,03/16/2026,Monday,03,16,2026,March,MAR,26
4400,2026-03-17,03/17/2026,Tuesday,03,17,2026,March,MAR,26
4410,2026-03-18,03/18/2026,Wednesday,03,18,2026,March,MAR,26
4420,2026-03-19,03/19/2026,Thursday,03,19,2026,March,MAR,26
4430,2026-03-20,03/20/2026,Friday,03,20,2026,March,MAR,26
4440,2026-03-21,03/21/2026,Saturday,03,21,2026,March,MAR,26
4450,2026-03-22,03/22/2026,Sunday,03,22,2026,March,MAR,26
4460,2026-03-23,03/23/2026,Monday,03,23,2026,March,MAR,26
4470,2026-03-24,03/24/2026,Tuesday,03,24,2026,March,MAR,26
4480,2026-03-25,03/25/2026,Wednesday,03,25,2026,March,MAR,26
4490,2026-03-26,03/26/2026,Thursday,03,26,2026,March,MAR,26
4500,2026-03-27,03/27/2026,Friday,03,27,2026,March,MAR,26
4510,2026-03-28,03/28/2026,Saturday,03,28,2026,March,MAR,26
4520,2026-03-29,03/29/2026,Sunday,03,29,2026,March,MAR,26
4530,2026-03-30,03/30/2026,Monday,03,30,2026,March,MAR,26
4540,2026-03-31,03/31/2026,Tuesday,03,31,2026,March,MAR,26
4550,2026-04-01,04/01/2026,Wednesday,04,01,2026,April,APR,26
4560,2026-04-02,04/02/2026,Thursday,04,02,2026,April,APR,26
4570,2026-04-03,04/03/2026,Friday,04,03,2026,April,APR,26
4580,2026-04-04,04/04/2026,Saturday,04,04,2026,April,APR,26
4590,2026-04-05,04/05/2026,Sunday,04,05,2026,April,APR,26
4600,2026-04-06,04/06/2026,Monday,04,06,2026,April,APR,26
4610,2026-04-07,04/07/2026,Tuesday,04,07,2026,April,APR,26
4620,2026-04-08,04/08/2026,Wednesday,04,08,2026,April,APR,26
4630,2026-04-09,04/09/2026,Thursday,04,09,2026,April,APR,26
4640,2026-04-10,04/10/2026,Friday,04,10,2026,April,APR,26
4650,2026-04-11,04/11/2026,Saturday,04,11,2026,April,APR,26
4660,2026-04-12,04/12/2026,Sunday,04,12,2026,April,APR,26
4670,2026-04-13,04/13/2026,Monday,04,13,2026,April,APR,26
4680,2026-04-14,04/14/2026,Tuesday,04,14,2026,April,APR,26
4690,2026-04-15,04/15/2026,Wednesday,04,15,2026,April,APR,26
4700,2026-04-16,04/16/2026,Thursday,04,16,2026,April,APR,26
4710,2026-04-17,04/17/2026,Friday,04,17,2026,April,APR,26
4720,2026-04-18,04/18/2026,Saturday,04,18,2026,April,APR,26
4730,2026-04-19,04/19/2026,Sunday,04,19,2026,April,APR,26
4740,2026-04-20,04/20/2026,Monday,04,20,2026,April,APR,26
4750,2026-04-21,04/21/2026,Tuesday,04,21,2026,April,APR,26
4760,2026-04-22,04/22/2026,Wednesday,04,22,2026,April,APR,26
4770,2026-04-23,04/23/2026,Thursday,04,23,2026,April,APR,26
4780,2026-04-24,04/24/2026,Friday,04,24,2026,April,APR,26
4790,2026-04-25,04/25/2026,Saturday,04,25,2026,April,APR,26
4800,2026-04-26,04/26/2026,Sunday,04,26,2026,April,APR,26
4810,2026-04-27,04/27/2026,Monday,04,27,2026,April,APR,26
4820,2026-04-28,04/28/2026,Tuesday,04,28,2026,April,APR,26
4830,2026-04-29,04/29/2026,Wednesday,04,29,2026,April,APR,26
4840,2026-04-30,04/30/2026,Thursday,04,30,2026,April,APR,26
4850,2026-05-01,05/01/2026,Friday,05,01,2026,May,MAY,26
4860,2026-05-02,05/02/2026,Saturday,05,02,2026,May,MAY,26
4870,2026-05-03,05/03/2026,Sunday,05,03,2026,May,MAY,26
4880,2026-05-04,05/04/2026,Monday,05,04,2026,May,MAY,26
4890,2026-05-05,05/05/2026,Tuesday,05,05,2026,May,MAY,26
4900,2026-05-06,05/06/2026,Wednesday,05,06,2026,May,MAY,26
4910,2026-05-07,05/07/2026,Thursday,05,07,2026,May,MAY,26
4920,2026-05-08,05/08/2026,Friday,05,08,2026,May,MAY,26
4930,2026-05-09,05/09/2026,Saturday,05,09,2026,May,MAY,26
4940,2026-05-10,05/10/2026,Sunday,05,10,2026,May,MAY,26
4950,2026-05-11,05/11/2026,Monday,05,11,2026,May,MAY,26
4960,2026-05-12,05/12/2026,Tuesday,05,12,2026,May,MAY,26
4970,2026-05-13,05/13/2026,Wednesday,05,13,2026,May,MAY,26
4980,2026-05-14,05/14/2026,Thursday,05,14,2026,May,MAY,26
4990,2026-05-15,05/15/2026,Friday,05,15,2026,May,MAY,26
5000,2026-05-16,05/16/2026,Saturday,05,16,2026,May,MAY,26
5010,2026-05-17,05/17/2026,Sunday,05,17,2026,May,MAY,26
5020,2026-05-18,05/18/2026,Monday,05,18,2026,May,MAY,26
5030,2026-05-19,05/19/2026,Tuesday,05,19,2026,May,MAY,26
5040,2026-05-20,05/20/2026,Wednesday,05,20,2026,May,MAY,26
5050,2026-05-21,05/21/2026,Thursday,05,21,2026,May,MAY,26
5060,2026-05-22,05/22/2026,Friday,05,22,2026,May,MAY,26
5070,2026-05-23,05/23/2026,Saturday,05,23,2026,May,MAY,26
5080,2026-05-24,05/24/2026,Sunday,05,24,2026,May,MAY,26
5090,2026-05-25,05/25/2026,Monday,05,25,2026,May,MAY,26
5100,2026-05-26,05/26/2026,Tuesday,05,26,2026,May,MAY,26
5110,2026-05-27,05/27/2026,Wednesday,05,27,2026,May,MAY,26
5120,2026-05-28,05/28/2026,Thursday,05,28,2026,May,MAY,26
5130,2026-05-29,05/29/2026,Friday,05,29,2026,May,MAY,26
5140,2026-05-30,05/30/2026,Saturday,05,30,2026,May,MAY,26
5150,2026-05-31,05/31/2026,Sunday,05,31,2026,May,MAY,26
5160,2026-06-01,06/01/2026,Monday,06,01,2026,June,JUN,26
5170,2026-06-02,06/02/2026,Tuesday,06,02,2026,June,JUN,26
5180,2026-06-03,06/03/2026,Wednesday,06,03,2026,June,JUN,26
5190,2026-06-04,06/04/2026,Thursday,06,04,2026,June,JUN,26
5200,2026-06-05,06/05/2026,Friday,06,05,2026,June,JUN,26
5210,2026-06-06,06/06/2026,Saturday,06,06,2026,June,JUN,26
5220,2026-06-07,06/07/2026,Sunday,06,07,2026,June,JUN,26
5230,2026-06-08,06/08/2026,Monday,06,08,2026,June,JUN,26
5240,2026-06-09,06/09/2026,Tuesday,06,09,2026,June,JUN,26
5250,2026-06-10,06/10/2026,Wednesday,06,10,2026,June,JUN,26
5260,2026-06-11,06/11/2026,Thursday,06,11,2026,June,JUN,26
5270,2026-06-12,06/12/2026,Friday,06,12,2026,June,JUN,26
5280,2026-06-13,06/13/2026,Saturday,06,13,2026,June,JUN,26
5290,2026-06-14,06/14/2026,Sunday,06,14,2026,June,JUN,26
5300,2026-06-15,06/15/2026,Monday,06,15,2026,June,JUN,26
5310,2026-06-16,06/16/2026,Tuesday,06,16,2026,June,JUN,26
5320,2026-06-17,06/17/2026,Wednesday,06,17,2026,June,JUN,26
5330,2026-06-18,06/18/2026,Thursday,06,18,2026,June,JUN,26
5340,2026-06-19,06/19/2026,Friday,06,19,2026,June,JUN,26
5350,2026-06-20,06/20/2026,Saturday,06,20,2026,June,JUN,26
5360,2026-06-21,06/21/2026,Sunday,06,21,2026,June,JUN,26
5370,2026-06-22,06/22/2026,Monday,06,22,2026,June,JUN,26
5380,2026-06-23,06/23/2026,Tuesday,06,23,2026,June,JUN,26
5390,2026-06-24,06/24/2026,Wednesday,06,24,2026,June,JUN,26
5400,2026-06-25,06/25/2026,Thursday,06,25,2026,June,JUN,26
5410,2026-06-26,06/26/2026,Friday,06,26,2026,June,JUN,26
5420,2026-06-27,06/27/2026,Saturday,06,27,2026,June,JUN,26
5430,2026-06-28,06/28/2026,Sunday,06,28,2026,June,JUN,26
5440,2026-06-29,06/29/2026,Monday,06,29,2026,June,JUN,26
5450,2026-06-30,06/30/2026,Tuesday,06,30,2026,June,JUN,26
5460,2026-07-01,07/01/2026,Wednesday,07,01,2026,July,JUL,26
5470,2026-07-02,07/02/2026,Thursday,07,02,2026,July,JUL,26
5480,2026-07-03,07/03/2026,Friday,07,03,2026,July,JUL,26
5490,2026-07-04,07/04/2026,Saturday,07,04,2026,July,JUL,26
5500,2026-07-05,07/05/2026,Sunday,07,05,2026,July,JUL,26
5510,2026-07-06,07/06/2026,Monday,07,06,2026,July,JUL,26
5520,2026-07-07,07/07/2026,Tuesday,07,07,2026,July,JUL,26
5530,2026-07-08,07/08/2026,Wednesday,07,08,2026,July,JUL,26
5540,2026-07-09,07/09/2026,Thursday,07,09,2026,July,JUL,26
5550,2026-07-10,07/10/2026,Friday,07,10,2026,July,JUL,26
5560,2026-07-11,07/11/2026,Saturday,07,11,2026,July,JUL,26
5570,2026-07-12,07/12/2026,Sunday,07,12,2026,July,JUL,26
5580,2026-07-13,07/13/2026,Monday,07,13,2026,July,JUL,26
5590,2026-07-14,07/14/2026,Tuesday,07,14,2026,July,JUL,26
5600,2026-07-15,07/15/2026,Wednesday,07,15,2026,July,JUL,26
5610,2026-07-16,07/16/2026,Thursday,07,16,2026,July,JUL,26
5620,2026-07-17,07/17/2026,Friday,07,17,2026,July,JUL,26
5630,2026-07-18,07/18/2026,Saturday,07,18,2026,July,JUL,26
5640,2026-07-19,07/19/2026,Sunday,07,19,2026,July,JUL,26
5650,2026-07-20,07/20/2026,Monday,07,20,2026,July,JUL,26
5660,2026-07-21,07/21/2026,Tuesday,07,21,2026,July,JUL,26
5670,2026-07-22,07/22/2026,Wednesday,07,22,2026,July,JUL,26
5680,2026-07-23,07/23/2026,Thursday,07,23,2026,July,JUL,26
5690,2026-07-24,07/24/2026,Friday,07,24,2026,July,JUL,26
5700,2026-07-25,07/25/2026,Saturday,07,25,2026,July,JUL,26
5710,2026-07-26,07/26/2026,Sunday,07,26,2026,July,JUL,26
5720,2026-07-27,07/27/2026,Monday,07,27,2026,July,JUL,26
5730,2026-07-28,07/28/2026,Tuesday,07,28,2026,July,JUL,26
5740,2026-07-29,07/29/2026,Wednesday,07,29,2026,July,JUL,26
5750,2026-07-30,07/30/2026,Thursday,07,30,2026,July,JUL,26
5760,2026-07-31,07/31/2026,Friday,07,31,2026,July,JUL,26
5770,2026-08-01,08/01/2026,Saturday,08,01,2026,August,AUG,26
5780,2026-08-02,08/02/2026,Sunday,08,02,2026,August,AUG,26
5790,2026-08-03,08/03/2026,Monday,08,03,2026,August,AUG,26
5800,2026-08-04,08/04/2026,Tuesday,08,04,2026,August,AUG,26
5810,2026-08-05,08/05/2026,Wednesday,08,05,2026,August,AUG,26
5820,2026-08-06,08/06/2026,Thursday,08,06,2026,August,AUG,26
5830,2026-08-07,08/07/2026,Friday,08,07,2026,August,AUG,26
5840,2026-08-08,08/08/2026,Saturday,08,08,2026,August,AUG,26
5850,2026-08-09,08/09/2026,Sunday,08,09,2026,August,AUG,26
5860,2026-08-10,08/10/2026,Monday,08,10,2026,August,AUG,26
5870,2026-08-11,08/11/2026,Tuesday,08,11,2026,August,AUG,26
5880,2026-08-12,08/12/2026,Wednesday,08,12,2026,August,AUG,26
5890,2026-08-13,08/13/2026,Thursday,08,13,2026,August,AUG,26
5900,2026-08-14,08/14/2026,Friday,08,14,2026,August,AUG,26
5910,2026-08-15,08/15/2026,Saturday,08,15,2026,August,AUG,26
5920,2026-08-16,08/16/2026,Sunday,08,16,2026,August,AUG,26
5930,2026-08-17,08/17/2026,Monday,08,17,2026,August,AUG,26
5940,2026-08-18,08/18/2026,Tuesday,08,18,2026,August,AUG,26
5950,2026-08-19,08/19/2026,Wednesday,08,19,2026,August,AUG,26
5960,2026-08-20,08/20/2026,Thursday,08,20,2026,August,AUG,26
5970,2026-08-21,08/21/2026,Friday,08,21,2026,August,AUG,26
5980,2026-08-22,08/22/2026,Saturday,08,22,2026,August,AUG,26
5990,2026-08-23,08/23/2026,Sunday,08,23,2026,August,AUG,26
6000,2026-08-24,08/24/2026,Monday,08,24,2026,August,AUG,26
6010,2026-08-25,08/25/2026,Tuesday,08,25,2026,August,AUG,26
6020,2026-08-26,08/26/2026,Wednesday,08,26,2026,August,AUG,26
6030,2026-08-27,08/27/2026,Thursday,08,27,2026,August,AUG,26
6040,2026-08-28,08/28/2026,Friday,08,28,2026,August,AUG,26
6050,2026-08-29,08/29/2026,Saturday,08,29,2026,August,AUG,26
6060,2026-08-30,08/30/2026,Sunday,08,30,2026,August,AUG,26
6070,2026-08-31,08/31/2026,Monday,08,31,2026,August,AUG,26
6080,2026-09-01,09/01/2026,Tuesday,09,01,2026,September,SEP,26
6090,2026-09-02,09/02/2026,Wednesday,09,02,2026,September,SEP,26
6100,2026-09-03,09/03/2026,Thursday,09,03,2026,September,SEP,26
6110,2026-09-04,09/04/2026,Friday,09,04,2026,September,SEP,26
6120,2026-09-05,09/05/2026,Saturday,09,05,2026,September,SEP,26
6130,2026-09-06,09/06/2026,Sunday,09,06,2026,September,SEP,26
6140,2026-09-07,09/07/2026,Monday,09,07,2026,September,SEP,26
6150,2026-09-08,09/08/2026,Tuesday,09,08,2026,September,SEP,26
6160,2026-09-09,09/09/2026,Wednesday,09,09,2026,September,SEP,26
6170,2026-09-10,09/10/2026,Thursday,09,10,2026,September,SEP,26
6180,2026-09-11,09/11/2026,Friday,09,11,2026,September,SEP,26
6190,2026-09-12,09/12/2026,Saturday,09,12,2026,September,SEP,26
6200,2026-09-13,09/13/2026,Sunday,09,13,2026,September,SEP,26
6210,2026-09-14,09/14/2026,Monday,09,14,2026,September,SEP,26
6220,2026-09-15,09/15/2026,Tuesday,09,15,2026,September,SEP,26
6230,2026-09-16,09/16/2026,Wednesday,09,16,2026,September,SEP,26
6240,2026-09-17,09/17/2026,Thursday,09,17,2026,September,SEP,26
6250,2026-09-18,09/18/2026,Friday,09,18,2026,September,SEP,26
6260,2026-09-19,09/19/2026,Saturday,09,19,2026,September,SEP,26
6270,2026-09-20,09/20/2026,Sunday,09,20,2026,September,SEP,26
6280,2026-09-21,09/21/2026,Monday,09,21,2026,September,SEP,26
6290,2026-09-22,09/22/2026,Tuesday,09,22,2026,September,SEP,26
6300,2026-09-23,09/23/2026,Wednesday,09,23,2026,September,SEP,26
6310,2026-09-24,09/24/2026,Thursday,09,24,2026,September,SEP,26
6320,2026-09-25,09/25/2026,Friday,09,25,2026,September,SEP,26
6330,2026-09-26,09/26/2026,Saturday,09,26,2026,September,SEP,26
6340,2026-09-27,09/27/2026,Sunday,09,27,2026,September,SEP,26
6350,2026-09-28,09/28/2026,Monday,09,28,2026,September,SEP,26
6360,2026-09-29,09/29/2026,Tuesday,09,29,2026,September,SEP,26
6370,2026-09-30,09/30/2026,Wednesday,09,30,2026,September,SEP,26
6380,2026-10-01,10/01/2026,Thursday,10,01,2026,October,OCT,26
6390,2026-10-02,10/02/2026,Friday,10,02,2026,October,OCT,26
6400,2026-10-03,10/03/2026,Saturday,10,03,2026,October,OCT,26
6410,2026-10-04,10/04/2026,Sunday,10,04,2026,October,OCT,26
6420,2026-10-05,10/05/2026,Monday,10,05,2026,October,OCT,26
6430,2026-10-06,10/06/2026,Tuesday,10,06,2026,October,OCT,26
6440,2026-10-07,10/07/2026,Wednesday,10,07,2026,October,OCT,26
6450,2026-10-08,10/08/2026,Thursday,10,08,2026,October,OCT,26
6460,2026-10-09,10/09/2026,Friday,10,09,2026,October,OCT,26
6470,2026-10-10,10/10/2026,Saturday,10,10,2026,October,OCT,26
6480,2026-10-11,10/11/2026,Sunday,10,11,2026,October,OCT,26
6490,2026-10-12,10/12/2026,Monday,10,12,2026,October,OCT,26
6500,2026-10-13,10/13/2026,Tuesday,10,13,2026,October,OCT,26
6510,2026-10-14,10/14/2026,Wednesday,10,14,2026,October,OCT,26
6520,2026-10-15,10/15/2026,Thursday,10,15,2026,October,OCT,26
6530,2026-10-16,10/16/2026,Friday,10,16,2026,October,OCT,26
6540,2026-10-17,10/17/2026,Saturday,10,17,2026,October,OCT,26
6550,2026-10-18,10/18/2026,Sunday,10,18,2026,October,OCT,26
6560,2026-10-19,10/19/2026,Monday,10,19,2026,October,OCT,26
6570,2026-10-20,10/20/2026,Tuesday,10,20,2026,October,OCT,26
6580,2026-10-21,10/21/2026,Wednesday,10,21,2026,October,OCT,26
6590,2026-10-22,10/22/2026,Thursday,10,22,2026,October,OCT,26
6600,2026-10-23,10/23/2026,Friday,10,23,2026,October,OCT,26
6610,2026-10-24,10/24/2026,Saturday,10,24,2026,October,OCT,26
6620,2026-10-25,10/25/2026,Sunday,10,25,2026,October,OCT,26
6630,2026-10-26,10/26/2026,Monday,10,26,2026,October,OCT,26
6640,2026-10-27,10/27/2026,Tuesday,10,27,2026,October,OCT,26
6650,2026-10-28,10/28/2026,Wednesday,10,28,2026,October,OCT,26
6660,2026-10-29,10/29/2026,Thursday,10,29,2026,October,OCT,26
6670,2026-10-30,10/30/2026,Friday,10,30,2026,October,OCT,26
6680,2026-10-31,10/31/2026,Saturday,10,31,2026,October,OCT,26
6690,2026-11-01,11/01/2026,Sunday,11,01,2026,November,NOV,26
6700,2026-11-02,11/02/2026,Monday,11,02,2026,November,NOV,26
6710,2026-11-03,11/03/2026,Tuesday,11,03,2026,November,NOV,26
6720,2026-11-04,11/04/2026,Wednesday,11,04,2026,November,NOV,26
6730,2026-11-05,11/05/2026,Thursday,11,05,2026,November,NOV,26
6740,2026-11-06,11/06/2026,Friday,11,06,2026,November,NOV,26
6750,2026-11-07,11/07/2026,Saturday,11,07,2026,November,NOV,26
6760,2026-11-08,11/08/2026,Sunday,11,08,2026,November,NOV,26
6770,2026-11-09,11/09/2026,Monday,11,09,2026,November,NOV,26
6780,2026-11-10,11/10/2026,Tuesday,11,10,2026,November,NOV,26
6790,2026-11-11,11/11/2026,Wednesday,11,11,2026,November,NOV,26
6800,2026-11-12,11/12/2026,Thursday,11,12,2026,November,NOV,26
6810,2026-11-13,11/13/2026,Friday,11,13,2026,November,NOV,26
6820,2026-11-14,11/14/2026,Saturday,11,14,2026,November,NOV,26
6830,2026-11-15,11/15/2026,Sunday,11,15,2026,November,NOV,26
6840,2026-11-16,11/16/2026,Monday,11,16,2026,November,NOV,26
6850,2026-11-17,11/17/2026,Tuesday,11,17,2026,November,NOV,26
6860,2026-11-18,11/18/2026,Wednesday,11,18,2026,November,NOV,26
6870,2026-11-19,11/19/2026,Thursday,11,19,2026,November,NOV,26
6880,2026-11-20,11/20/2026,Friday,11,20,2026,November,NOV,26
6890,2026-11-21,11/21/2026,Saturday,11,21,2026,November,NOV,26
6900,2026-11-22,11/22/2026,Sunday,11,22,2026,November,NOV,26
6910,2026-11-23,11/23/2026,Monday,11,23,2026,November,NOV,26
6920,2026-11-24,11/24/2026,Tuesday,11,24,2026,November,NOV,26
6930,2026-11-25,11/25/2026,Wednesday,11,25,2026,November,NOV,26
6940,2026-11-26,11/26/2026,Thursday,11,26,2026,November,NOV,26
6950,2026-11-27,11/27/2026,Friday,11,27,2026,November,NOV,26
6960,2026-11-28,11/28/2026,Saturday,11,28,2026,November,NOV,26
6970,2026-11-29,11/29/2026,Sunday,11,29,2026,November,NOV,26
6980,2026-11-30,11/30/2026,Monday,11,30,2026,November,NOV,26
6990,2026-12-01,12/01/2026,Tuesday,12,01,2026,December,DEC,26
7000,2026-12-02,12/02/2026,Wednesday,12,02,2026,December,DEC,26
7010,2026-12-03,12/03/2026,Thursday,12,03,2026,December,DEC,26
7020,2026-12-04,12/04/2026,Friday,12,04,2026,December,DEC,26
7030,2026-12-05,12/05/2026,Saturday,12,05,2026,December,DEC,26
7040,2026-12-06,12/06/2026,Sunday,12,06,2026,December,DEC,26
7050,2026-12-07,12/07/2026,Monday,12,07,2026,December,DEC,26
7060,2026-12-08,12/08/2026,Tuesday,12,08,2026,December,DEC,26
7070,2026-12-09,12/09/2026,Wednesday,12,09,2026,December,DEC,26
7080,2026-12-10,12/10/2026,Thursday,12,10,2026,December,DEC,26
7090,2026-12-11,12/11/2026,Friday,12,11,2026,December,DEC,26
7100,2026-12-12,12/12/2026,Saturday,12,12,2026,December,DEC,26
7110,2026-12-13,12/13/2026,Sunday,12,13,2026,December,DEC,26
7120,2026-12-14,12/14/2026,Monday,12,14,2026,December,DEC,26
7130,2026-12-15,12/15/2026,Tuesday,12,15,2026,December,DEC,26
7140,2026-12-16,12/16/2026,Wednesday,12,16,2026,December,DEC,26
7150,2026-12-17,12/17/2026,Thursday,12,17,2026,December,DEC,26
7160,2026-12-18,12/18/2026,Friday,12,18,2026,December,DEC,26
7170,2026-12-19,12/19/2026,Saturday,12,19,2026,December,DEC,26
7180,2026-12-20,12/20/2026,Sunday,12,20,2026,December,DEC,26
7190,2026-12-21,12/21/2026,Monday,12,21,2026,December,DEC,26
7200,2026-12-22,12/22/2026,Tuesday,12,22,2026,December,DEC,26
7210,2026-12-23,12/23/2026,Wednesday,12,23,2026,December,DEC,26
7220,2026-12-24,12/24/2026,Thursday,12,24,2026,December,DEC,26
7230,2026-12-25,12/25/2026,Friday,12,25,2026,December,DEC,26
7240,2026-12-26,12/26/2026,Saturday,12,26,2026,December,DEC,26
7250,2026-12-27,12/27/2026,Sunday,12,27,2026,December,DEC,26
7260,2026-12-28,12/28/2026,Monday,12,28,2026,December,DEC,26
7270,2026-12-29,12/29/2026,Tuesday,12,29,2026,December,DEC,26
7280,2026-12-30,12/30/2026,Wednesday,12,30,2026,December,DEC,26
7290,2026-12-31,12/31/2026,Thursday,12,31,2026,December,DEC,26
