day_date_id,the_date,date_MMDDYYYY,day_of_week,month,day,year,month_name,month_abbrev,year_YY
20250101,2025-01-01,01/01/2025,Wednesday,01,01,2025,January,JAN,25
20250102,2025-01-02,01/02/2025,Thursday,01,02,2025,January,JAN,25
20250103,2025-01-03,01/03/2025,Friday,01,03,2025,January,JAN,25
20250104,2025-01-04,01/04/2025,Saturday,01,04,2025,January,JAN,25
20250105,2025-01-05,01/05/2025,Sunday,01,05,2025,January,JAN,25
20250106,2025-01-06,01/06/2025,Monday,01,06,2025,January,JAN,25
20250107,2025-01-07,01/07/2025,Tuesday,01,07,2025,January,JAN,25
20250108,2025-01-08,01/08/2025,Wednesday,01,08,2025,January,JAN,25
20250109,2025-01-09,01/09/2025,Thursday,01,09,2025,January,JAN,25
20250110,2025-01-10,01/10/2025,Friday,01,10,2025,January,JAN,25
20250111,2025-01-11,01/11/2025,Saturday,01,11,2025,January,JAN,25
20250112,2025-01-12,01/12/2025,Sunday,01,12,2025,January,JAN,25
20250113,2025-01-13,01/13/2025,Monday,01,13,2025,January,JAN,25
20250114,2025-01-14,01/14/2025,Tuesday,01,14,2025,January,JAN,25
20250115,2025-01-15,01/15/2025,Wednesday,01,15,2025,January,JAN,25
20250116,2025-01-16,01/16/2025,Thursday,01,16,2025,January,JAN,25
20250117,2025-01-17,01/17/2025,Friday,01,17,2025,January,JAN,25
20250118,2025-01-18,01/18/2025,Saturday,01,18,2025,January,JAN,25
20250119,2025-01-19,01/19/2025,Sunday,01,19,2025,January,JAN,25
20250120,2025-01-20,01/20/2025,Monday,01,20,2025,January,JAN,25
20250121,2025-01-21,01/21/2025,Tuesday,01,21,2025,January,JAN,25
20250122,2025-01-22,01/22/2025,Wednesday,01,22,2025,January,JAN,25
20250123,2025-01-23,01/23/2025,Thursday,01,23,2025,January,JAN,25
20250124,2025-01-24,01/24/2025,Friday,01,24,2025,January,JAN,25
20250125,2025-01-25,01/25/2025,Saturday,01,25,2025,January,JAN,25
20250126,2025-01-26,01/26/2025,Sunday,01,26,2025,January,JAN,25
20250127,2025-01-27,01/27/2025,Monday,01,27,2025,January,JAN,25
20250128,2025-01-28,01/28/2025,Tuesday,01,28,2025,January,JAN,25
20250129,2025-01-29,01/29/2025,Wednesday,01,29,2025,January,JAN,25
20250130,2025-01-30,01/30/2025,Thursday,01,30,2025,January,JAN,25
20250131,2025-01-31,01/31/2025,Friday,01,31,2025,January,JAN,25
20250201,2025-02-01,02/01/2025,Saturday,02,01,2025,February,FEB,25
20250202,2025-02-02,02/02/2025,Sunday,02,02,2025,February,FEB,25
20250203,2025-02-03,02/03/2025,Monday,02,03,2025,February,FEB,25
20250204,2025-02-04,02/04/2025,Tuesday,02,04,2025,February,FEB,25
20250205,2025-02-05,02/05/2025,Wednesday,02,05,2025,February,FEB,25
20250206,2025-02-06,02/06/2025,Thursday,02,06,2025,February,FEB,25
20250207,2025-02-07,02/07/2025,Friday,02,07,2025,February,FEB,25
20250208,2025-02-08,02/08/2025,Saturday,02,08,2025,February,FEB,25
20250209,2025-02-09,02/09/2025,Sunday,02,09,2025,February,FEB,25
20250210,2025-02-10,02/10/2025,Monday,02,10,2025,February,FEB,25
20250211,2025-02-11,02/11/2025,Tuesday,02,11,2025,February,FEB,25
20250212,2025-02-12,02/12/2025,Wednesday,02,12,2025,February,FEB,25
20250213,2025-02-13,02/13/2025,Thursday,02,13,2025,February,FEB,25
20250214,2025-02-14,02/14/2025,Friday,02,14,2025,February,FEB,25
20250215,2025-02-15,02/15/2025,Saturday,02,15,2025,February,FEB,25
20250216,2025-02-16,02/16/2025,Sunday,02,16,2025,February,FEB,25
20250217,2025-02-17,02/17/2025,Monday,02,17,2025,February,FEB,25
20250218,2025-02-18,02/18/2025,Tuesday,02,18,2025,February,FEB,25
20250219,2025-02-19,02/19/2025,Wednesday,02,19,2025,February,FEB,25
20250220,2025-02-20,02/20/2025,Thursday,02,20,2025,February,FEB,25
20250221,2025-02-21,02/21/2025,Friday,02,21,2025,February,FEB,25
20250222,2025-02-22,02/22/2025,Saturday,02,22,2025,February,FEB,25
20250223,2025-02-23,02/23/2025,Sunday,02,23,2025,February,FEB,25
20250224,2025-02-24,02/24/2025,Monday,02,24,2025,February,FEB,25
20250225,2025-02-25,02/25/2025,Tuesday,02,25,2025,February,FEB,25
20250226,2025-02-26,02/26/2025,Wednesday,02,26,2025,February,FEB,25
20250227,2025-02-27,02/27/2025,Thursday,02,27,2025,February,FEB,25
20250228,2025-02-28,02/28/2025,Friday,02,28,2025,February,FEB,25
20250301,2025-03-01,03/01/2025,Saturday,03,01,2025,March,MAR,25
20250302,2025-03-02,03/02/2025,Sunday,03,02,2025,March,MAR,25
20250303,2025-03-03,03/03/2025,Monday,03,03,2025,March,MAR,25
20250304,2025-03-04,03/04/2025,Tuesday,03,04,2025,March,MAR,25
20250305,2025-03-05,03/05/2025,Wednesday,03,05,2025,March,MAR,25
20250306,2025-03-06,03/06/2025,Thursday,03,06,2025,March,MAR,25
20250307,2025-03-07,03/07/2025,Friday,03,07,2025,March,MAR,25
20250308,2025-03-08,03/08/2025,Saturday,03,08,2025,March,MAR,25
20250309,2025-03-09,03/09/2025,Sunday,03,09,2025,March,MAR,25
20250310,2025-03-10,03/10/2025,Monday,03,10,2025,March,MAR,25
20250311,2025-03-11,03/11/2025,Tuesday,03,11,2025,March,MAR,25
20250312,2025-03-12,03/12/2025,Wednesday,03,12,2025,March,MAR,25
20250313,2025-03-13,03/13/2025,Thursday,03,13,2025,March,MAR,25
20250314,2025-03-14,03/14/2025,Friday,03,14,2025,March,MAR,25
20250315,2025-03-15,03/15/2025,Saturday,03,15,2025,March,MAR,25
20250316,2025-03-16,03/16/2025,Sunday,03,16,2025,March,MAR,25
20250317,2025-03-17,03/17/2025,Monday,03,17,2025,March,MAR,25
20250318,2025-03-18,03/18/2025,Tuesday,03,18,2025,March,MAR,25
20250319,2025-03-19,03/19/2025,Wednesday,03,19,2025,March,MAR,25
20250320,2025-03-20,03/20/2025,Thursday,03,20,2025,March,MAR,25
20250321,2025-03-21,03/21/2025,Friday,03,21,2025,March,MAR,25
20250322,2025-03-22,03/22/2025,Saturday,03,22,2025,March,MAR,25
20250323,2025-03-23,03/23/2025,Sunday,03,23,2025,March,MAR,25
20250324,2025-03-24,03/24/2025,Monday,03,24,2025,March,MAR,25
20250325,2025-03-25,03/25/2025,Tuesday,03,25,2025,March,MAR,25
20250326,2025-03-26,03/26/2025,Wednesday,03,26,2025,March,MAR,25
20250327,2025-03-27,03/27/2025,Thursday,03,27,2025,March,MAR,25
20250328,2025-03-28,03/28/2025,Friday,03,28,2025,March,MAR,25
20250329,2025-03-29,03/29/2025,Saturday,03,29,2025,March,MAR,25
20250330,2025-03-30,03/30/2025,Sunday,03,30,2025,March,MAR,25
20250331,2025-03-31,03/31/2025,Monday,03,31,2025,March,MAR,25
20250401,2025-04-01,04/01/2025,Tuesday,04,01,2025,April,APR,25
20250402,2025-04-02,04/02/2025,Wednesday,04,02,2025,April,APR,25
20250403,2025-04-03,04/03/2025,Thursday,04,03,2025,April,APR,25
20250404,2025-04-04,04/04/2025,Friday,04,04,2025,April,APR,25
20250405,2025-04-05,04/05/2025,Saturday,04,05,2025,April,APR,25
20250406,2025-04-06,04/06/2025,Sunday,04,06,2025,April,APR,25
20250407,2025-04-07,04/07/2025,Monday,04,07,2025,April,APR,25
20250408,2025-04-08,04/08/2025,Tuesday,04,08,2025,April,APR,25
20250409,2025-04-09,04/09/2025,Wednesday,04,09,2025,April,APR,25
20250410,2025-04-10,04/10/2025,Thursday,04,10,2025,April,APR,25
20250411,2025-04-11,04/11/2025,Friday,04,11,2025,April,APR,25
20250412,2025-04-12,04/12/2025,Saturday,04,12,2025,April,APR,25
20250413,2025-04-13,04/13/2025,Sunday,04,13,2025,April,APR,25
20250414,2025-04-14,04/14/2025,Monday,04,14,2025,April,APR,25
20250415,2025-04-15,04/15/2025,Tuesday,04,15,2025,April,APR,25
20250416,2025-04-16,04/16/2025,Wednesday,04,16,2025,April,APR,25
20250417,2025-04-17,04/17/2025,Thursday,04,17,2025,April,APR,25
20250418,2025-04-18,04/18/2025,Friday,04,18,2025,April,APR,25
20250419,2025-04-19,04/19/2025,Saturday,04,19,2025,April,APR,25
20250420,2025-04-20,04/20/2025,Sunday,04,20,2025,April,APR,25
20250421,2025-04-21,04/21/2025,Monday,04,21,2025,April,APR,25
20250422,2025-04-22,04/22/2025,Tuesday,04,22,2025,April,APR,25
20250423,2025-04-23,04/23/2025,Wednesday,04,23,2025,April,APR,25
20250424,2025-04-24,04/24/2025,Thursday,04,24,2025,April,APR,25
20250425,2025-04-25,04/25/2025,Friday,04,25,2025,April,APR,25
20250426,2025-04-26,04/26/2025,Saturday,04,26,2025,April,APR,25
20250427,2025-04-27,04/27/2025,Sunday,04,27,2025,April,APR,25
20250428,2025-04-28,04/28/2025,Monday,04,28,2025,April,APR,25
20250429,2025-04-29,04/29/2025,Tuesday,04,29,2025,April,APR,25
20250430,2025-04-30,04/30/2025,Wednesday,04,30,2025,April,APR,25
20250501,2025-05-01,05/01/2025,Thursday,05,01,2025,May,MAY,25
20250502,2025-05-02,05/02/2025,Friday,05,02,2025,May,MAY,25
20250503,2025-05-03,05/03/2025,Saturday,05,03,2025,May,MAY,25
20250504,2025-05-04,05/04/2025,Sunday,05,04,2025,May,MAY,25
20250505,2025-05-05,05/05/2025,Monday,05,05,2025,May,MAY,25
20250506,2025-05-06,05/06/2025,Tuesday,05,06,2025,May,MAY,25
20250507,2025-05-07,05/07/2025,Wednesday,05,07,2025,May,MAY,25
20250508,2025-05-08,05/08/2025,Thursday,05,08,2025,May,MAY,25
20250509,2025-05-09,05/09/2025,Friday,05,09,2025,May,MAY,25
20250510,2025-05-10,05/10/2025,Saturday,05,10,2025,May,MAY,25
20250511,2025-05-11,05/11/2025,Sunday,05,11,2025,May,MAY,25
20250512,2025-05-12,05/12/2025,Monday,05,12,2025,May,MAY,25
20250513,2025-05-13,05/13/2025,Tuesday,05,13,2025,May,MAY,25
20250514,2025-05-14,05/14/2025,Wednesday,05,14,2025,May,MAY,25
20250515,2025-05-15,05/15/2025,Thursday,05,15,2025,May,MAY,25
20250516,2025-05-16,05/16/2025,Friday,05,16,2025,May,MAY,25
20250517,2025-05-17,05/17/2025,Saturday,05,17,2025,May,MAY,25
20250518,2025-05-18,05/18/2025,Sunday,05,18,2025,May,MAY,25
20250519,2025-05-19,05/19/2025,Monday,05,19,2025,May,MAY,25
20250520,2025-05-20,05/20/2025,Tuesday,05,20,2025,May,MAY,25
20250521,2025-05-21,05/21/2025,Wednesday,05,21,2025,May,MAY,25
20250522,2025-05-22,05/22/2025,Thursday,05,22,2025,May,MAY,25
20250523,2025-05-23,05/23/2025,Friday,05,23,2025,May,MAY,25
20250524,2025-05-24,05/24/2025,Saturday,05,24,2025,May,MAY,25
20250525,2025-05-25,05/25/2025,Sunday,05,25,2025,May,MAY,25
20250526,2025-05-26,05/26/2025,Monday,05,26,2025,May,MAY,25
20250527,2025-05-27,05/27/2025,Tuesday,05,27,2025,May,MAY,25
20250528,2025-05-28,05/28/2025,Wednesday,05,28,2025,May,MAY,25
20250529,2025-05-29,05/29/2025,Thursday,05,29,2025,May,MAY,25
20250530,2025-05-30,05/30/2025,Friday,05,30,2025,May,MAY,25
20250531,2025-05-31,05/31/2025,Saturday,05,31,2025,May,MAY,25
20250601,2025-06-01,06/01/2025,Sunday,06,01,2025,June,JUN,25
20250602,2025-06-02,06/02/2025,Monday,06,02,2025,June,JUN,25
20250603,2025-06-03,06/03/2025,Tuesday,06,03,2025,June,JUN,25
20250604,2025-06-04,06/04/2025,Wednesday,06,04,2025,June,JUN,25
20250605,2025-06-05,06/05/2025,Thursday,06,05,2025,June,JUN,25
20250606,2025-06-06,06/06/2025,Friday,06,06,2025,June,JUN,25
20250607,2025-06-07,06/07/2025,Saturday,06,07,2025,June,JUN,25
20250608,2025-06-08,06/08/2025,Sunday,06,08,2025,June,JUN,25
20250609,2025-06-09,06/09/2025,Monday,06,09,2025,June,JUN,25
20250610,2025-06-10,06/10/2025,Tuesday,06,10,2025,June,JUN,25
20250611,2025-06-11,06/11/2025,Wednesday,06,11,2025,June,JUN,25
20250612,2025-06-12,06/12/2025,Thursday,06,12,2025,June,JUN,25
20250613,2025-06-13,06/13/2025,Friday,06,13,2025,June,JUN,25
20250614,2025-06-14,06/14/2025,Saturday,06,14,2025,June,JUN,25
20250615,2025-06-15,06/15/2025,Sunday,06,15,2025,June,JUN,25
20250616,2025-06-16,06/16/2025,Monday,06,16,2025,June,JUN,25
20250617,2025-06-17,06/17/2025,Tuesday,06,17,2025,June,JUN,25
20250618,2025-06-18,06/18/2025,Wednesday,06,18,2025,June,JUN,25
20250619,2025-06-19,06/19/2025,Thursday,06,19,2025,June,JUN,25
20250620,2025-06-20,06/20/2025,Friday,06,20,2025,June,JUN,25
20250621,2025-06-21,06/21/2025,Saturday,06,21,2025,June,JUN,25
20250622,2025-06-22,06/22/2025,Sunday,06,22,2025,June,JUN,25
20250623,2025-06-23,06/23/2025,Monday,06,23,2025,June,JUN,25
20250624,2025-06-24,06/24/2025,Tuesday,06,24,2025,June,JUN,25
20250625,2025-06-25,06/25/2025,Wednesday,06,25,2025,June,JUN,25
20250626,2025-06-26,06/26/2025,Thursday,06,26,2025,June,JUN,25
20250627,2025-06-27,06/27/2025,Friday,06,27,2025,June,JUN,25
20250628,2025-06-28,06/28/2025,Saturday,06,28,2025,June,JUN,25
20250629,2025-06-29,06/29/2025,Sunday,06,29,2025,June,JUN,25
20250630,2025-06-30,06/30/2025,Monday,06,30,2025,June,JUN,25
20250701,2025-07-01,07/01/2025,Tuesday,07,01,2025,July,JUL,25
20250702,2025-07-02,07/02/2025,Wednesday,07,02,2025,July,JUL,25
20250703,2025-07-03,07/03/2025,Thursday,07,03,2025,July,JUL,25
20250704,2025-07-04,07/04/2025,Friday,07,04,2025,July,JUL,25
20250705,2025-07-05,07/05/2025,Saturday,07,05,2025,July,JUL,25
20250706,2025-07-06,07/06/2025,Sunday,07,06,2025,July,JUL,25
20250707,2025-07-07,07/07/2025,Monday,07,07,2025,July,JUL,25
20250708,2025-07-08,07/08/2025,Tuesday,07,08,2025,July,JUL,25
20250709,2025-07-09,07/09/2025,Wednesday,07,09,2025,July,JUL,25
20250710,2025-07-10,07/10/2025,Thursday,07,10,2025,July,JUL,25
20250711,2025-07-11,07/11/2025,Friday,07,11,2025,July,JUL,25
20250712,2025-07-12,07/12/2025,Saturday,07,12,2025,July,JUL,25
20250713,2025-07-13,07/13/2025,Sunday,07,13,2025,July,JUL,25
20250714,2025-07-14,07/14/2025,Monday,07,14,2025,July,JUL,25
20250715,2025-07-15,07/15/2025,Tuesday,07,15,2025,July,JUL,25
20250716,2025-07-16,07/16/2025,Wednesday,07,16,2025,July,JUL,25
20250717,2025-07-17,07/17/2025,Thursday,07,17,2025,July,JUL,25
20250718,2025-07-18,07/18/2025,Friday,07,18,2025,July,JUL,25
20250719,2025-07-19,07/19/2025,Saturday,07,19,2025,July,JUL,25
20250720,2025-07-20,07/20/2025,Sunday,07,20,2025,July,JUL,25
20250721,2025-07-21,07/21/2025,Monday,07,21,2025,July,JUL,25
20250722,2025-07-22,07/22/2025,Tuesday,07,22,2025,July,JUL,25
20250723,2025-07-23,07/23/2025,Wednesday,07,23,2025,July,JUL,25
20250724,2025-07-24,07/24/2025,Thursday,07,24,2025,July,JUL,25
20250725,2025-07-25,07/25/2025,Friday,07,25,2025,July,JUL,25
20250726,2025-07-26,07/26/2025,Saturday,07,26,2025,July,JUL,25
20250727,2025-07-27,07/27/2025,Sunday,07,27,2025,July,JUL,25
20250728,2025-07-28,07/28/2025,Monday,07,28,2025,July,JUL,25
20250729,2025-07-29,07/29/2025,Tuesday,07,29,2025,July,JUL,25
20250730,2025-07-30,07/30/2025,Wednesday,07,30,2025,July,JUL,25
20250731,2025-07-31,07/31/2025,Thursday,07,31,2025,July,JUL,25
20250801,2025-08-01,08/01/2025,Friday,08,01,2025,August,AUG,25
20250802,2025-08-02,08/02/2025,Saturday,08,02,2025,August,AUG,25
20250803,2025-08-03,08/03/2025,Sunday,08,03,2025,August,AUG,25
20250804,2025-08-04,08/04/2025,Monday,08,04,2025,August,AUG,25
20250805,2025-08-05,08/05/2025,Tuesday,08,05,2025,August,AUG,25
20250806,2025-08-06,08/06/2025,Wednesday,08,06,2025,August,AUG,25
20250807,2025-08-07,08/07/2025,Thursday,08,07,2025,August,AUG,25
20250808,2025-08-08,08/08/2025,Friday,08,08,2025,August,AUG,25
20250809,2025-08-09,08/09/2025,Saturday,08,09,2025,August,AUG,25
20250810,2025-08-10,08/10/2025,Sunday,08,10,2025,August,AUG,25
20250811,2025-08-11,08/11/2025,Monday,08,11,2025,August,AUG,25
20250812,2025-08-12,08/12/2025,Tuesday,08,12,2025,August,AUG,25
20250813,2025-08-13,08/13/2025,Wednesday,08,13,2025,August,AUG,25
20250814,2025-08-14,08/14/2025,Thursday,08,14,2025,August,AUG,25
20250815,2025-08-15,08/15/2025,Friday,08,15,2025,August,AUG,25
20250816,2025-08-16,08/16/2025,Saturday,08,16,2025,August,AUG,25
20250817,2025-08-17,08/17/2025,Sunday,08,17,2025,August,AUG,25
20250818,2025-08-18,08/18/2025,Monday,08,18,2025,August,AUG,25
20250819,2025-08-19,08/19/2025,Tuesday,08,19,2025,August,AUG,25
20250820,2025-08-20,08/20/2025,Wednesday,08,20,2025,August,AUG,25
20250821,2025-08-21,08/21/2025,Thursday,08,21,2025,August,AUG,25
20250822,2025-08-22,08/22/2025,Friday,08,22,2025,August,AUG,25
20250823,2025-08-23,08/23/2025,Saturday,08,23,2025,August,AUG,25
20250824,2025-08-24,08/24/2025,Sunday,08,24,2025,August,AUG,25
20250825,2025-08-25,08/25/2025,Monday,08,25,2025,August,AUG,25
20250826,2025-08-26,08/26/2025,Tuesday,08,26,2025,August,AUG,25
20250827,2025-08-27,08/27/2025,Wednesday,08,27,2025,August,AUG,25
20250828,2025-08-28,08/28/2025,Thursday,08,28,2025,August,AUG,25
20250829,2025-08-29,08/29/2025,Friday,08,29,2025,August,AUG,25
20250830,2025-08-30,08/30/2025,Saturday,08,30,2025,August,AUG,25
20250831,2025-08-31,08/31/2025,Sunday,08,31,2025,August,AUG,25
20250901,2025-09-01,09/01/2025,Monday,09,01,2025,September,SEP,25
20250902,2025-09-02,09/02/2025,Tuesday,09,02,2025,September,SEP,25
20250903,2025-09-03,09/03/2025,Wednesday,09,03,2025,September,SEP,25
20250904,2025-09-04,09/04/2025,Thursday,09,04,2025,September,SEP,25
20250905,2025-09-05,09/05/2025,Friday,09,05,2025,September,SEP,25
20250906,2025-09-06,09/06/2025,Saturday,09,06,2025,September,SEP,25
20250907,2025-09-07,09/07/2025,Sunday,09,07,2025,September,SEP,25
20250908,2025-09-08,09/08/2025,Monday,09,08,2025,September,SEP,25
20250909,2025-09-09,09/09/2025,Tuesday,09,09,2025,September,SEP,25
20250910,2025-09-10,09/10/2025,Wednesday,09,10,2025,September,SEP,25
20250911,2025-09-11,09/11/2025,Thursday,09,11,2025,September,SEP,25
20250912,2025-09-12,09/12/2025,Friday,09,12,2025,September,SEP,25
20250913,2025-09-13,09/13/2025,Saturday,09,13,2025,September,SEP,25
20250914,2025-09-14,09/14/2025,Sunday,09,14,2025,September,SEP,25
20250915,2025-09-15,09/15/2025,Monday,09,15,2025,September,SEP,25
20250916,2025-09-16,09/16/2025,Tuesday,09,16,2025,September,SEP,25
20250917,2025-09-17,09/17/2025,Wednesday,09,17,2025,September,SEP,25
20250918,2025-09-18,09/18/2025,Thursday,09,18,2025,September,SEP,25
20250919,2025-09-19,09/19/2025,Friday,09,19,2025,September,SEP,25
20250920,2025-09-20,09/20/2025,Saturday,09,20,2025,September,SEP,25
20250921,2025-09-21,09/21/2025,Sunday,09,21,2025,September,SEP,25
20250922,2025-09-22,09/22/2025,Monday,09,22,2025,September,SEP,25
20250923,2025-09-23,09/23/2025,Tuesday,09,23,2025,September,SEP,25
20250924,2025-09-24,09/24/2025,Wednesday,09,24,2025,September,SEP,25
20250925,2025-09-25,09/25/2025,Thursday,09,25,2025,September,SEP,25
20250926,2025-09-26,09/26/2025,Friday,09,26,2025,September,SEP,25
20250927,2025-09-27,09/27/2025,Saturday,09,27,2025,September,SEP,25
20250928,2025-09-28,09/28/2025,Sunday,09,28,2025,September,SEP,25
20250929,2025-09-29,09/29/2025,Monday,09,29,2025,September,SEP,25
20250930,2025-09-30,09/30/2025,Tuesday,09,30,2025,September,SEP,25
20251001,2025-10-01,10/01/2025,Wednesday,10,01,2025,October,OCT,25
20251002,2025-10-02,10/02/2025,Thursday,10,02,2025,October,OCT,25
20251003,2025-10-03,10/03/2025,Friday,10,03,2025,October,OCT,25
20251004,2025-10-04,10/04/2025,Saturday,10,04,2025,October,OCT,25
20251005,2025-10-05,10/05/2025,Sunday,10,05,2025,October,OCT,25
20251006,2025-10-06,10/06/2025,Monday,10,06,2025,October,OCT,25
20251007,2025-10-07,10/07/2025,Tuesday,10,07,2025,October,OCT,25
20251008,2025-10-08,10/08/2025,Wednesday,10,08,2025,October,OCT,25
20251009,2025-10-09,10/09/2025,Thursday,10,09,2025,October,OCT,25
20251010,2025-10-10,10/10/2025,Friday,10,10,2025,October,OCT,25
20251011,2025-10-11,10/11/2025,Saturday,10,11,2025,October,OCT,25
20251012,2025-10-12,10/12/2025,Sunday,10,12,2025,October,OCT,25
20251013,2025-10-13,10/13/2025,Monday,10,13,2025,October,OCT,25
20251014,2025-10-14,10/14/2025,Tuesday,10,14,2025,October,OCT,25
20251015,2025-10-15,10/15/2025,Wednesday,10,15,2025,October,OCT,25
20251016,2025-10-16,10/16/2025,Thursday,10,16,2025,October,OCT,25
20251017,2025-10-17,10/17/2025,Friday,10,17,2025,October,OCT,25
20251018,2025-10-18,10/18/2025,Saturday,10,18,2025,October,OCT,25
20251019,2025-10-19,10/19/2025,Sunday,10,19,2025,October,OCT,25
20251020,2025-10-20,10/20/2025,Monday,10,20,2025,October,OCT,25
20251021,2025-10-21,10/21/2025,Tuesday,10,21,2025,October,OCT,25
20251022,2025-10-22,10/22/2025,Wednesday,10,22,2025,October,OCT,25
20251023,2025-10-23,10/23/2025,Thursday,10,23,2025,October,OCT,25
20251024,2025-10-24,10/24/2025,Friday,10,24,2025,October,OCT,25
20251025,2025-10-25,10/25/2025,Saturday,10,25,2025,October,OCT,25
20251026,2025-10-26,10/26/2025,Sunday,10,26,2025,October,OCT,25
20251027,2025-10-27,10/27/2025,Monday,10,27,2025,October,OCT,25
20251028,2025-10-28,10/28/2025,Tuesday,10,28,2025,October,OCT,25
20251029,2025-10-29,10/29/2025,Wednesday,10,29,2025,October,OCT,25
20251030,2025-10-30,10/30/2025,Thursday,10,30,2025,October,OCT,25
20251031,2025-10-31,10/31/2025,Friday,10,31,2025,October,OCT,25
20251101,2025-11-01,11/01/2025,Saturday,11,01,2025,November,NOV,25
20251102,2025-11-02,11/02/2025,Sunday,11,02,2025,November,NOV,25
20251103,2025-11-03,11/03/2025,Monday,11,03,2025,November,NOV,25
20251104,2025-11-04,11/04/2025,Tuesday,11,04,2025,November,NOV,25
20251105,2025-11-05,11/05/2025,Wednesday,11,05,2025,November,NOV,25
20251106,2025-11-06,11/06/2025,Thursday,11,06,2025,November,NOV,25
20251107,2025-11-07,11/07/2025,Friday,11,07,2025,November,NOV,25
20251108,2025-11-08,11/08/2025,Saturday,11,08,2025,November,NOV,25
20251109,2025-11-09,11/09/2025,Sunday,11,09,2025,November,NOV,25
20251110,2025-11-10,11/10/2025,Monday,11,10,2025,November,NOV,25
20251111,2025-11-11,11/11/2025,Tuesday,11,11,2025,November,NOV,25
20251112,2025-11-12,11/12/2025,Wednesday,11,12,2025,November,NOV,25
20251113,2025-11-13,11/13/2025,Thursday,11,13,2025,November,NOV,25
20251114,2025-11-14,11/14/2025,Friday,11,14,2025,November,NOV,25
20251115,2025-11-15,11/15/2025,Saturday,11,15,2025,November,NOV,25
20251116,2025-11-16,11/16/2025,Sunday,11,16,2025,November,NOV,25
20251117,2025-11-17,11/17/2025,Monday,11,17,2025,November,NOV,25
20251118,2025-11-18,11/18/2025,Tuesday,11,18,2025,November,NOV,25
20251119,2025-11-19,11/19/2025,Wednesday,11,19,2025,November,NOV,25
20251120,2025-11-20,11/20/2025,Thursday,11,20,2025,November,NOV,25
20251121,2025-11-21,11/21/2025,Friday,11,21,2025,November,NOV,25
20251122,2025-11-22,11/22/2025,Saturday,11,22,2025,November,NOV,25
20251123,2025-11-23,11/23/2025,Sunday,11,23,2025,November,NOV,25
20251124,2025-11-24,11/24/2025,Monday,11,24,2025,November,NOV,25
20251125,2025-11-25,11/25/2025,Tuesday,11,25,2025,November,NOV,25
20251126,2025-11-26,11/26/2025,Wednesday,11,26,2025,November,NOV,25
20251127,2025-11-27,11/27/2025,Thursday,11,27,2025,November,NOV,25
20251128,2025-11-28,11/28/2025,Friday,11,28,2025,November,NOV,25
20251129,2025-11-29,11/29/2025,Saturday,11,29,2025,November,NOV,25
20251130,2025-11-30,11/30/2025,Sunday,11,30,2025,November,NOV,25
20251201,2025-12-01,12/01/2025,Monday,12,01,2025,December,DEC,25
20251202,2025-12-02,12/02/2025,Tuesday,12,02,2025,December,DEC,25
20251203,2025-12-03,12/03/2025,Wednesday,12,03,2025,December,DEC,25
20251204,2025-12-04,12/04/2025,Thursday,12,04,2025,December,DEC,25
20251205,2025-12-05,12/05/2025,Friday,12,05,2025,December,DEC,25
20251206,2025-12-06,12/06/2025,Saturday,12,06,2025,December,DEC,25
20251207,2025-12-07,12/07/2025,Sunday,12,07,2025,December,DEC,25
20251208,2025-12-08,12/08/2025,Monday,12,08,2025,December,DEC,25
20251209,2025-12-09,12/09/2025,Tuesday,12,09,2025,December,DEC,25
20251210,2025-12-10,12/10/2025,Wednesday,12,10,2025,December,DEC,25
20251211,2025-12-11,12/11/2025,Thursday,12,11,2025,December,DEC,25
20251212,2025-12-12,12/12/2025,Friday,12,12,2025,December,DEC,25
20251213,2025-12-13,12/13/2025,Saturday,12,13,2025,December,DEC,25
20251214,2025-12-14,12/14/2025,Sunday,12,14,2025,December,DEC,25
20251215,2025-12-15,12/15/2025,Monday,12,15,2025,December,DEC,25
20251216,2025-12-16,12/16/2025,Tuesday,12,16,2025,December,DEC,25
20251217,2025-12-17,12/17/2025,Wednesday,12,17,2025,December,DEC,25
20251218,2025-12-18,12/18/2025,Thursday,12,18,2025,December,DEC,25
20251219,2025-12-19,12/19/2025,Friday,12,19,2025,December,DEC,25
20251220,2025-12-20,12/20/2025,Saturday,12,20,2025,December,DEC,25
20251221,2025-12-21,12/21/2025,Sunday,12,21,2025,December,DEC,25
20251222,2025-12-22,12/22/2025,Monday,12,22,2025,December,DEC,25
20251223,2025-12-23,12/23/2025,Tuesday,12,23,2025,December,DEC,25
20251224,2025-12-24,12/24/2025,Wednesday,12,24,2025,December,DEC,25
20251225,2025-12-25,12/25/2025,Thursday,12,25,2025,December,DEC,25
20251226,2025-12-26,12/26/2025,Friday,12,26,2025,December,DEC,25
20251227,2025-12-27,12/27/2025,Saturday,12,27,2025,December,DEC,25
20251228,2025-12-28,12/28/2025,Sunday,12,28,2025,December,DEC,25
20251229,2025-12-29,12/29/2025,Monday,12,29,2025,December,DEC,25
20251230,2025-12-30,12/30/2025,Tuesday,12,30,2025,December,DEC,25
20251231,2025-12-31,12/31/2025,Wednesday,12,31,2025,December,DEC,25
20260101,2026-01-01,01/01/2026,Thursday,01,01,2026,January,JAN,26
20260102,2026-01-02,01/02/2026,Friday,01,02,2026,January,JAN,26
20260103,2026-01-03,01/03/2026,Saturday,01,03,2026,January,JAN,26
20260104,2026-01-04,01/04/2026,Sunday,01,04,2026,January,JAN,26
20260105,2026-01-05,01/05/2026,Monday,01,05,2026,January,JAN,26
20260106,2026-01-06,01/06/2026,Tuesday,01,06,2026,January,JAN,26
20260107,2026-01-07,01/07/2026,Wednesday,01,07,2026,January,JAN,26
20260108,2026-01-08,01/08/2026,Thursday,01,08,2026,January,JAN,26
20260109,2026-01-09,01/09/2026,Friday,01,09,2026,January,JAN,26
20260110,2026-01-10,01/10/2026,Saturday,01,10,2026,January,JAN,26
20260111,2026-01-11,01/11/2026,Sunday,01,11,2026,January,JAN,26
20260112,2026-01-12,01/12/2026,Monday,01,12,2026,January,JAN,26
20260113,2026-01-13,01/13/2026,Tuesday,01,13,2026,January,JAN,26
20260114,2026-01-14,01/14/2026,Wednesday,01,14,2026,January,JAN,26
20260115,2026-01-15,01/15/2026,Thursday,01,15,2026,January,JAN,26
20260116,2026-01-16,01/16/2026,Friday,01,16,2026,January,JAN,26
20260117,2026-01-17,01/17/2026,Saturday,01,17,2026,January,JAN,26
20260118,2026-01-18,01/18/2026,Sunday,01,18,2026,January,JAN,26
20260119,2026-01-19,01/19/2026,Monday,01,19,2026,January,JAN,26
20260120,2026-01-20,01/20/2026,Tuesday,01,20,2026,January,JAN,26
20260121,2026-01-21,01/21/2026,Wednesday,01,21,2026,January,JAN,26
20260122,2026-01-22,01/22/2026,Thursday,01,22,2026,January,JAN,26
20260123,2026-01-23,01/23/2026,Friday,01,23,2026,January,JAN,26
20260124,2026-01-24,01/24/2026,Saturday,01,24,2026,January,JAN,26
20260125,2026-01-25,01/25/2026,Sunday,01,25,2026,January,JAN,26
20260126,2026-01-26,01/26/2026,Monday,01,26,2026,January,JAN,26
20260127,2026-01-27,01/27/2026,Tuesday,01,27,2026,January,JAN,26
20260128,2026-01-28,01/28/2026,Wednesday,01,28,2026,January,JAN,26
20260129,2026-01-29,01/29/2026,Thursday,01,29,2026,January,JAN,26
20260130,2026-01-30,01/30/2026,Friday,01,30,2026,January,JAN,26
20260131,2026-01-31,01/31/2026,Saturday,01,31,2026,January,JAN,26
20260201,2026-02-01,02/01/2026,Sunday,02,01,2026,February,FEB,26
20260202,2026-02-02,02/02/2026,Monday,02,02,2026,February,FEB,26
20260203,2026-02-03,02/03/2026,Tuesday,02,03,2026,February,FEB,26
20260204,2026-02-04,02/04/2026,Wednesday,02,04,2026,February,FEB,26
20260205,2026-02-05,02/05/2026,Thursday,02,05,2026,February,FEB,26
20260206,2026-02-06,02/06/2026,Friday,02,06,2026,February,FEB,26
20260207,2026-02-07,02/07/2026,Saturday,02,07,2026,February,FEB,26
20260208,2026-02-08,02/08/2026,Sunday,02,08,2026,February,FEB,26
20260209,2026-02-09,02/09/2026,Monday,02,09,2026,February,FEB,26
20260210,2026-02-10,02/10/2026,Tuesday,02,10,2026,February,FEB,26
20260211,2026-02-11,02/11/2026,Wednesday,02,11,2026,February,FEB,26
20260212,2026-02-12,02/12/2026,Thursday,02,12,2026,February,FEB,26
20260213,2026-02-13,02/13/2026,Friday,02,13,2026,February,FEB,26
20260214,2026-02-14,02/14/2026,Saturday,02,14,2026,February,FEB,26
20260215,2026-02-15,02/15/2026,Sunday,02,15,2026,February,FEB,26
20260216,2026-02-16,02/16/2026,Monday,02,16,2026,February,FEB,26
20260217,2026-02-17,02/17/2026,Tuesday,02,17,2026,February,FEB,26
20260218,2026-02-18,02/18/2026,Wednesday,02,18,2026,February,FEB,26
20260219,2026-02-19,02/19/2026,Thursday,02,19,2026,February,FEB,26
20260220,2026-02-20,02/20/2026,Friday,02,20,2026,February,FEB,26
20260221,2026-02-21,02/21/2026,Saturday,02,21,2026,February,FEB,26
20260222,2026-02-22,02/22/2026,Sunday,02,22,2026,February,FEB,26
20260223,2026-02-23,02/23/2026,Monday,02,23,2026,February,FEB,26
20260224,2026-02-24,02/24/2026,Tuesday,02,24,2026,February,FEB,26
20260225,2026-02-25,02/25/2026,Wednesday,02,25,2026,February,FEB,26
20260226,2026-02-26,02/26/2026,Thursday,02,26,2026,February,FEB,26
20260227,2026-02-27,02/27/2026,Friday,02,27,2026,February,FEB,26
20260228,2026-02-28,02/28/2026,Saturday,02,28,2026,February,FEB,26
20260301,2026-03-01,03/01/2026,Sunday,03,01,2026,March,MAR,26
20260302,2026-03-02,03/02/2026,Monday,03,02,2026,March,MAR,26
20260303,2026-03-03,03/03/2026,Tuesday,03,03,2026,March,MAR,26
20260304,2026-03-04,03/04/2026,Wednesday,03,04,2026,March,MAR,26
20260305,2026-03-05,03/05/2026,Thursday,03,05,2026,March,MAR,26
20260306,2026-03-06,03/06/2026,Friday,03,06,2026,March,MAR,26
20260307,2026-03-07,03/07/2026,Saturday,03,07,2026,March,MAR,26
20260308,2026-03-08,03/08/2026,Sunday,03,08,2026,March,MAR,26
20260309,2026-03-09,03/09/2026,Monday,03,09,2026,March,MAR,26
20260310,2026-03-10,03/10/2026,Tuesday,03,10,2026,March,MAR,26
20260311,2026-03-11,03/11/2026,Wednesday,03,11,2026,March,MAR,26
20260312,2026-03-12,03/12/2026,Thursday,03,12,2026,March,MAR,26
20260313,2026-03-13,03/13/2026,Friday,03,13,2026,March,MAR,26
20260314,2026-03-14,03/14/2026,Saturday,03,14,2026,March,MAR,26
20260315,2026-03-15,03/15/2026,Sunday,03,15,2026,March,MAR,26
20260316,2026-03-16,03/16/2026,Monday,03,16,2026,March,MAR,26
20260317,2026-03-17,03/17/2026,Tuesday,03,17,2026,March,MAR,26
20260318,2026-03-18,03/18/2026,Wednesday,03,18,2026,March,MAR,26
20260319,2026-03-19,03/19/2026,Thursday,03,19,2026,March,MAR,26
20260320,2026-03-20,03/20/2026,Friday,03,20,2026,March,MAR,26
20260321,2026-03-21,03/21/2026,Saturday,03,21,2026,March,MAR,26
20260322,2026-03-22,03/22/2026,Sunday,03,22,2026,March,MAR,26
20260323,2026-03-23,03/23/2026,Monday,03,23,2026,March,MAR,26
20260324,2026-03-24,03/24/2026,Tuesday,03,24,2026,March,MAR,26
20260325,2026-03-25,03/25/2026,Wednesday,03,25,2026,March,MAR,26
20260326,2026-03-26,03/26/2026,Thursday,03,26,2026,March,MAR,26
20260327,2026-03-27,03/27/2026,Friday,03,27,2026,March,MAR,26
20260328,2026-03-28,03/28/2026,Saturday,03,28,2026,March,MAR,26
20260329,2026-03-29,03/29/2026,Sunday,03,29,2026,March,MAR,26
20260330,2026-03-30,03/30/2026,Monday,03,30,2026,March,MAR,26
20260331,2026-03-31,03/31/2026,Tuesday,03,31,2026,March,MAR,26
20260401,2026-04-01,04/01/2026,Wednesday,04,01,2026,April,APR,26
20260402,2026-04-02,04/02/2026,Thursday,04,02,2026,April,APR,26
20260403,2026-04-03,04/03/2026,Friday,04,03,2026,April,APR,26
20260404,2026-04-04,04/04/2026,Saturday,04,04,2026,April,APR,26
20260405,2026-04-05,04/05/2026,Sunday,04,05,2026,April,APR,26
20260406,2026-04-06,04/06/2026,Monday,04,06,2026,April,APR,26
20260407,2026-04-07,04/07/2026,Tuesday,04,07,2026,April,APR,26
20260408,2026-04-08,04/08/2026,Wednesday,04,08,2026,April,APR,26
20260409,2026-04-09,04/09/2026,Thursday,04,09,2026,April,APR,26
20260410,2026-04-10,04/10/2026,Friday,04,10,2026,April,APR,26
20260411,2026-04-11,04/11/2026,Saturday,04,11,2026,April,APR,26
20260412,2026-04-12,04/12/2026,Sunday,04,12,2026,April,APR,26
20260413,2026-04-13,04/13/2026,Monday,04,13,2026,April,APR,26
20260414,2026-04-14,04/14/2026,Tuesday,04,14,2026,April,APR,26
20260415,2026-04-15,04/15/2026,Wednesday,04,15,2026,April,APR,26
20260416,2026-04-16,04/16/2026,Thursday,04,16,2026,April,APR,26
20260417,2026-04-17,04/17/2026,Friday,04,17,2026,April,APR,26
20260418,2026-04-18,04/18/2026,Saturday,04,18,2026,April,APR,26
20260419,2026-04-19,04/19/2026,Sunday,04,19,2026,April,APR,26
20260420,2026-04-20,04/20/2026,Monday,04,20,2026,April,APR,26
20260421,2026-04-21,04/21/2026,Tuesday,04,21,2026,April,APR,26
20260422,2026-04-22,04/22/2026,Wednesday,04,22,2026,April,APR,26
20260423,2026-04-23,04/23/2026,Thursday,04,23,2026,April,APR,26
20260424,2026-04-24,04/24/2026,Friday,04,24,2026,April,APR,26
20260425,2026-04-25,04/25/2026,Saturday,04,25,2026,April,APR,26
20260426,2026-04-26,04/26/2026,Sunday,04,26,2026,April,APR,26
20260427,2026-04-27,04/27/2026,Monday,04,27,2026,April,APR,26
20260428,2026-04-28,04/28/2026,Tuesday,04,28,2026,April,APR,26
20260429,2026-04-29,04/29/2026,Wednesday,04,29,2026,April,APR,26
20260430,2026-04-30,04/30/2026,Thursday,04,30,2026,April,APR,26
20260501,2026-05-01,05/01/2026,Friday,05,01,2026,May,MAY,26
20260502,2026-05-02,05/02/2026,Saturday,05,02,2026,May,MAY,26
20260503,2026-05-03,05/03/2026,Sunday,05,03,2026,May,MAY,26
20260504,2026-05-04,05/04/2026,Monday,05,04,2026,May,MAY,26
20260505,2026-05-05,05/05/2026,Tuesday,05,05,2026,May,MAY,26
20260506,2026-05-06,05/06/2026,Wednesday,05,06,2026,May,MAY,26
20260507,2026-05-07,05/07/2026,Thursday,05,07,2026,May,MAY,26
20260508,2026-05-08,05/08/2026,Friday,05,08,2026,May,MAY,26
20260509,2026-05-09,05/09/2026,Saturday,05,09,2026,May,MAY,26
20260510,2026-05-10,05/10/2026,Sunday,05,10,2026,May,MAY,26
20260511,2026-05-11,05/11/2026,Monday,05,11,2026,May,MAY,26
20260512,2026-05-12,05/12/2026,Tuesday,05,12,2026,May,MAY,26
20260513,2026-05-13,05/13/2026,Wednesday,05,13,2026,May,MAY,26
20260514,2026-05-14,05/14/2026,Thursday,05,14,2026,May,MAY,26
20260515,2026-05-15,05/15/2026,Friday,05,15,2026,May,MAY,26
20260516,2026-05-16,05/16/2026,Saturday,05,16,2026,May,MAY,26
20260517,2026-05-17,05/17/2026,Sunday,05,17,2026,May,MAY,26
20260518,2026-05-18,05/18/2026,Monday,05,18,2026,May,MAY,26
20260519,2026-05-19,05/19/2026,Tuesday,05,19,2026,May,MAY,26
20260520,2026-05-20,05/20/2026,Wednesday,05,20,2026,May,MAY,26
20260521,2026-05-21,05/21/2026,Thursday,05,21,2026,May,MAY,26
20260522,2026-05-22,05/22/2026,Friday,05,22,2026,May,MAY,26
20260523,2026-05-23,05/23/2026,Saturday,05,23,2026,May,MAY,26
20260524,2026-05-24,05/24/2026,Sunday,05,24,2026,May,MAY,26
20260525,2026-05-25,05/25/2026,Monday,05,25,2026,May,MAY,26
20260526,2026-05-26,05/26/2026,Tuesday,05,26,2026,May,MAY,26
20260527,2026-05-27,05/27/2026,Wednesday,05,27,2026,May,MAY,26
20260528,2026-05-28,05/28/2026,Thursday,05,28,2026,May,MAY,26
20260529,2026-05-29,05/29/2026,Friday,05,29,2026,May,MAY,26
20260530,2026-05-30,05/30/2026,Saturday,05,30,2026,May,MAY,26
20260531,2026-05-31,05/31/2026,Sunday,05,31,2026,May,MAY,26
20260601,2026-06-01,06/01/2026,Monday,06,01,2026,June,JUN,26
20260602,2026-06-02,06/02/2026,Tuesday,06,02,2026,June,JUN,26
20260603,2026-06-03,06/03/2026,Wednesday,06,03,2026,June,JUN,26
20260604,2026-06-04,06/04/2026,Thursday,06,04,2026,June,JUN,26
20260605,2026-06-05,06/05/2026,Friday,06,05,2026,June,JUN,26
20260606,2026-06-06,06/06/2026,Saturday,06,06,2026,June,JUN,26
20260607,2026-06-07,06/07/2026,Sunday,06,07,2026,June,JUN,26
20260608,2026-06-08,06/08/2026,Monday,06,08,2026,June,JUN,26
20260609,2026-06-09,06/09/2026,Tuesday,06,09,2026,June,JUN,26
20260610,2026-06-10,06/10/2026,Wednesday,06,10,2026,June,JUN,26
20260611,2026-06-11,06/11/2026,Thursday,06,11,2026,June,JUN,26
20260612,2026-06-12,06/12/2026,Friday,06,12,2026,June,JUN,26
20260613,2026-06-13,06/13/2026,Saturday,06,13,2026,June,JUN,26
20260614,2026-06-14,06/14/2026,Sunday,06,14,2026,June,JUN,26
20260615,2026-06-15,06/15/2026,Monday,06,15,2026,June,JUN,26
20260616,2026-06-16,06/16/2026,Tuesday,06,16,2026,June,JUN,26
20260617,2026-06-17,06/17/2026,Wednesday,06,17,2026,June,JUN,26
20260618,2026-06-18,06/18/2026,Thursday,06,18,2026,June,JUN,26
20260619,2026-06-19,06/19/2026,Friday,06,19,2026,June,JUN,26
20260620,2026-06-20,06/20/2026,Saturday,06,20,2026,June,JUN,26
20260621,2026-06-21,06/21/2026,Sunday,06,21,2026,June,JUN,26
20260622,2026-06-22,06/22/2026,Monday,06,22,2026,June,JUN,26
20260623,2026-06-23,06/23/2026,Tuesday,06,23,2026,June,JUN,26
20260624,2026-06-24,06/24/2026,Wednesday,06,24,2026,June,JUN,26
20260625,2026-06-25,06/25/2026,Thursday,06,25,2026,June,JUN,26
20260626,2026-06-26,06/26/2026,Friday,06,26,2026,June,JUN,26
20260627,2026-06-27,06/27/2026,Saturday,06,27,2026,June,JUN,26
20260628,2026-06-28,06/28/2026,Sunday,06,28,2026,June,JUN,26
20260629,2026-06-29,06/29/2026,Monday,06,29,2026,June,JUN,26
20260630,2026-06-30,06/30/2026,Tuesday,06,30,2026,June,JUN,26
20260701,2026-07-01,07/01/2026,Wednesday,07,01,2026,July,JUL,26
20260702,2026-07-02,07/02/2026,Thursday,07,02,2026,July,JUL,26
20260703,2026-07-03,07/03/2026,Friday,07,03,2026,July,JUL,26
20260704,2026-07-04,07/04/2026,Saturday,07,04,2026,July,JUL,26
20260705,2026-07-05,07/05/2026,Sunday,07,05,2026,July,JUL,26
20260706,2026-07-06,07/06/2026,Monday,07,06,2026,July,JUL,26
20260707,2026-07-07,07/07/2026,Tuesday,07,07,2026,July,JUL,26
20260708,2026-07-08,07/08/2026,Wednesday,07,08,2026,July,JUL,26
20260709,2026-07-09,07/09/2026,Thursday,07,09,2026,July,JUL,26
20260710,2026-07-10,07/10/2026,Friday,07,10,2026,July,JUL,26
20260711,2026-07-11,07/11/2026,Saturday,07,11,2026,July,JUL,26
20260712,2026-07-12,07/12/2026,Sunday,07,12,2026,July,JUL,26
20260713,2026-07-13,07/13/2026,Monday,07,13,2026,July,JUL,26
20260714,2026-07-14,07/14/2026,Tuesday,07,14,2026,July,JUL,26
20260715,2026-07-15,07/15/2026,Wednesday,07,15,2026,July,JUL,26
20260716,2026-07-16,07/16/2026,Thursday,07,16,2026,July,JUL,26
20260717,2026-07-17,07/17/2026,Friday,07,17,2026,July,JUL,26
20260718,2026-07-18,07/18/2026,Saturday,07,18,2026,July,JUL,26
20260719,2026-07-19,07/19/2026,Sunday,07,19,2026,July,JUL,26
20260720,2026-07-20,07/20/2026,Monday,07,20,2026,July,JUL,26
20260721,2026-07-21,07/21/2026,Tuesday,07,21,2026,July,JUL,26
20260722,2026-07-22,07/22/2026,Wednesday,07,22,2026,July,JUL,26
20260723,2026-07-23,07/23/2026,Thursday,07,23,2026,July,JUL,26
20260724,2026-07-24,07/24/2026,Friday,07,24,2026,July,JUL,26
20260725,2026-07-25,07/25/2026,Saturday,07,25,2026,July,JUL,26
20260726,2026-07-26,07/26/2026,Sunday,07,26,2026,July,JUL,26
20260727,2026-07-27,07/27/2026,Monday,07,27,2026,July,JUL,26
20260728,2026-07-28,07/28/2026,Tuesday,07,28,2026,July,JUL,26
20260729,2026-07-29,07/29/2026,Wednesday,07,29,2026,July,JUL,26
20260730,2026-07-30,07/30/2026,Thursday,07,30,2026,July,JUL,26
20260731,2026-07-31,07/31/2026,Friday,07,31,2026,July,JUL,26
20260801,2026-08-01,08/01/2026,Saturday,08,01,2026,August,AUG,26
20260802,2026-08-02,08/02/2026,Sunday,08,02,2026,August,AUG,26
20260803,2026-08-03,08/03/2026,Monday,08,03,2026,August,AUG,26
20260804,2026-08-04,08/04/2026,Tuesday,08,04,2026,August,AUG,26
20260805,2026-08-05,08/05/2026,Wednesday,08,05,2026,August,AUG,26
20260806,2026-08-06,08/06/2026,Thursday,08,06,2026,August,AUG,26
20260807,2026-08-07,08/07/2026,Friday,08,07,2026,August,AUG,26
20260808,2026-08-08,08/08/2026,Saturday,08,08,2026,August,AUG,26
20260809,2026-08-09,08/09/2026,Sunday,08,09,2026,August,AUG,26
20260810,2026-08-10,08/10/2026,Monday,08,10,2026,August,AUG,26
20260811,2026-08-11,08/11/2026,Tuesday,08,11,2026,August,AUG,26
20260812,2026-08-12,08/12/2026,Wednesday,08,12,2026,August,AUG,26
20260813,2026-08-13,08/13/2026,Thursday,08,13,2026,August,AUG,26
20260814,2026-08-14,08/14/2026,Friday,08,14,2026,August,AUG,26
20260815,2026-08-15,08/15/2026,Saturday,08,15,2026,August,AUG,26
20260816,2026-08-16,08/16/2026,Sunday,08,16,2026,August,AUG,26
20260817,2026-08-17,08/17/2026,Monday,08,17,2026,August,AUG,26
20260818,2026-08-18,08/18/2026,Tuesday,08,18,2026,August,AUG,26
20260819,2026-08-19,08/19/2026,Wednesday,08,19,2026,August,AUG,26
20260820,2026-08-20,08/20/2026,Thursday,08,20,2026,August,AUG,26
20260821,2026-08-21,08/21/2026,Friday,08,21,2026,August,AUG,26
20260822,2026-08-22,08/22/2026,Saturday,08,22,2026,August,AUG,26
20260823,2026-08-23,08/23/2026,Sunday,08,23,2026,August,AUG,26
20260824,2026-08-24,08/24/2026,Monday,08,24,2026,August,AUG,26
20260825,2026-08-25,08/25/2026,Tuesday,08,25,2026,August,AUG,26
20260826,2026-08-26,08/26/2026,Wednesday,08,26,2026,August,AUG,26
20260827,2026-08-27,08/27/2026,Thursday,08,27,2026,August,AUG,26
20260828,2026-08-28,08/28/2026,Friday,08,28,2026,August,AUG,26
20260829,2026-08-29,08/29/2026,Saturday,08,29,2026,August,AUG,26
20260830,2026-08-30,08/30/2026,Sunday,08,30,2026,August,AUG,26
20260831,2026-08-31,08/31/2026,Monday,08,31,2026,August,AUG,26
20260901,2026-09-01,09/01/2026,Tuesday,09,01,2026,September,SEP,26
20260902,2026-09-02,09/02/2026,Wednesday,09,02,2026,September,SEP,26
20260903,2026-09-03,09/03/2026,Thursday,09,03,2026,September,SEP,26
20260904,2026-09-04,09/04/2026,Friday,09,04,2026,September,SEP,26
20260905,2026-09-05,09/05/2026,Saturday,09,05,2026,September,SEP,26
20260906,2026-09-06,09/06/2026,Sunday,09,06,2026,September,SEP,26
20260907,2026-09-07,09/07/2026,Monday,09,07,2026,September,SEP,26
20260908,2026-09-08,09/08/2026,Tuesday,09,08,2026,September,SEP,26
20260909,2026-09-09,09/09/2026,Wednesday,09,09,2026,September,SEP,26
20260910,2026-09-10,09/10/2026,Thursday,09,10,2026,September,SEP,26
20260911,2026-09-11,09/11/2026,Friday,09,11,2026,September,SEP,26
20260912,2026-09-12,09/12/2026,Saturday,09,12,2026,September,SEP,26
20260913,2026-09-13,09/13/2026,Sunday,09,13,2026,September,SEP,26
20260914,2026-09-14,09/14/2026,Monday,09,14,2026,September,SEP,26
20260915,2026-09-15,09/15/2026,Tuesday,09,15,2026,September,SEP,26
20260916,2026-09-16,09/16/2026,Wednesday,09,16,2026,September,SEP,26
20260917,2026-09-17,09/17/2026,Thursday,09,17,2026,September,SEP,26
20260918,2026-09-18,09/18/2026,Friday,09,18,2026,September,SEP,26
20260919,2026-09-19,09/19/2026,Saturday,09,19,2026,September,SEP,26
20260920,2026-09-20,09/20/2026,Sunday,09,20,2026,September,SEP,26
20260921,2026-09-21,09/21/2026,Monday,09,21,2026,September,SEP,26
20260922,2026-09-22,09/22/2026,Tuesday,09,22,2026,September,SEP,26
20260923,2026-09-23,09/23/2026,Wednesday,09,23,2026,September,SEP,26
20260924,2026-09-24,09/24/2026,Thursday,09,24,2026,September,SEP,26
20260925,2026-09-25,09/25/2026,Friday,09,25,2026,September,SEP,26
20260926,2026-09-26,09/26/2026,Saturday,09,26,2026,September,SEP,26
20260927,2026-09-27,09/27/2026,Sunday,09,27,2026,September,SEP,26
20260928,2026-09-28,09/28/2026,Monday,09,28,2026,September,SEP,26
20260929,2026-09-29,09/29/2026,Tuesday,09,29,2026,September,SEP,26
20260930,2026-09-30,09/30/2026,Wednesday,09,30,2026,September,SEP,26
20261001,2026-10-01,10/01/2026,Thursday,10,01,2026,October,OCT,26
20261002,2026-10-02,10/02/2026,Friday,10,02,2026,October,OCT,26
20261003,2026-10-03,10/03/2026,Saturday,10,03,2026,October,OCT,26
20261004,2026-10-04,10/04/2026,Sunday,10,04,2026,October,OCT,26
20261005,2026-10-05,10/05/2026,Monday,10,05,2026,October,OCT,26
20261006,2026-10-06,10/06/2026,Tuesday,10,06,2026,October,OCT,26
20261007,2026-10-07,10/07/2026,Wednesday,10,07,2026,October,OCT,26
20261008,2026-10-08,10/08/2026,Thursday,10,08,2026,October,OCT,26
20261009,2026-10-09,10/09/2026,Friday,10,09,2026,October,OCT,26
20261010,2026-10-10,10/10/2026,Saturday,10,10,2026,October,OCT,26
20261011,2026-10-11,10/11/2026,Sunday,10,11,2026,October,OCT,26
20261012,2026-10-12,10/12/2026,Monday,10,12,2026,October,OCT,26
20261013,2026-10-13,10/13/2026,Tuesday,10,13,2026,October,OCT,26
20261014,2026-10-14,10/14/2026,Wednesday,10,14,2026,October,OCT,26
20261015,2026-10-15,10/15/2026,Thursday,10,15,2026,October,OCT,26
20261016,2026-10-16,10/16/2026,Friday,10,16,2026,October,OCT,26
20261017,2026-10-17,10/17/2026,Saturday,10,17,2026,October,OCT,26
20261018,2026-10-18,10/18/2026,Sunday,10,18,2026,October,OCT,26
20261019,2026-10-19,10/19/2026,Monday,10,19,2026,October,OCT,26
20261020,2026-10-20,10/20/2026,Tuesday,10,20,2026,October,OCT,26
20261021,2026-10-21,10/21/2026,Wednesday,10,21,2026,October,OCT,26
20261022,2026-10-22,10/22/2026,Thursday,10,22,2026,October,OCT,26
20261023,2026-10-23,10/23/2026,Friday,10,23,2026,October,OCT,26
20261024,2026-10-24,10/24/2026,Saturday,10,24,2026,October,OCT,26
20261025,2026-10-25,10/25/2026,Sunday,10,25,2026,October,OCT,26
20261026,2026-10-26,10/26/2026,Monday,10,26,2026,October,OCT,26
20261027,2026-10-27,10/27/2026,Tuesday,10,27,2026,October,OCT,26
20261028,2026-10-28,10/28/2026,Wednesday,10,28,2026,October,OCT,26
20261029,2026-10-29,10/29/2026,Thursday,10,29,2026,October,OCT,26
20261030,2026-10-30,10/30/2026,Friday,10,30,2026,October,OCT,26
20261031,2026-10-31,10/31/2026,Saturday,10,31,2026,October,OCT,26
20261101,2026-11-01,11/01/2026,Sunday,11,01,2026,November,NOV,26
20261102,2026-11-02,11/02/2026,Monday,11,02,2026,November,NOV,26
20261103,2026-11-03,11/03/2026,Tuesday,11,03,2026,November,NOV,26
20261104,2026-11-04,11/04/2026,Wednesday,11,04,2026,November,NOV,26
20261105,2026-11-05,11/05/2026,Thursday,11,05,2026,November,NOV,26
20261106,2026-11-06,11/06/2026,Friday,11,06,2026,November,NOV,26
20261107,2026-11-07,11/07/2026,Saturday,11,07,2026,November,NOV,26
20261108,2026-11-08,11/08/2026,Sunday,11,08,2026,November,NOV,26
20261109,2026-11-09,11/09/2026,Monday,11,09,2026,November,NOV,26
20261110,2026-11-10,11/10/2026,Tuesday,11,10,2026,November,NOV,26
20261111,2026-11-11,11/11/2026,Wednesday,11,11,2026,November,NOV,26
20261112,2026-11-12,11/12/2026,Thursday,11,12,2026,November,NOV,26
20261113,2026-11-13,11/13/2026,Friday,11,13,2026,November,NOV,26
20261114,2026-11-14,11/14/2026,Saturday,11,14,2026,November,NOV,26
20261115,2026-11-15,11/15/2026,Sunday,11,15,2026,November,NOV,26
20261116,2026-11-16,11/16/2026,Monday,11,16,2026,November,NOV,26
20261117,2026-11-17,11/17/2026,Tuesday,11,17,2026,November,NOV,26
20261118,2026-11-18,11/18/2026,Wednesday,11,18,2026,November,NOV,26
20261119,2026-11-19,11/19/2026,Thursday,11,19,2026,November,NOV,26
20261120,2026-11-20,11/20/2026,Friday,11,20,2026,November,NOV,26
20261121,2026-11-21,11/21/2026,Saturday,11,21,2026,November,NOV,26
20261122,2026-11-22,11/22/2026,Sunday,11,22,2026,November,NOV,26
20261123,2026-11-23,11/23/2026,Monday,11,23,2026,November,NOV,26
20261124,2026-11-24,11/24/2026,Tuesday,11,24,2026,November,NOV,26
20261125,2026-11-25,11/25/2026,Wednesday,11,25,2026,November,NOV,26
20261126,2026-11-26,11/26/2026,Thursday,11,26,2026,November,NOV,26
20261127,2026-11-27,11/27/2026,Friday,11,27,2026,November,NOV,26
20261128,2026-11-28,11/28/2026,Saturday,11,28,2026,November,NOV,26
20261129,2026-11-29,11/29/2026,Sunday,11,29,2026,November,NOV,26
20261130,2026-11-30,11/30/2026,Monday,11,30,2026,November,NOV,26
20261201,2026-12-01,12/01/2026,Tuesday,12,01,2026,December,DEC,26
20261202,2026-12-02,12/02/2026,Wednesday,12,02,2026,December,DEC,26
20261203,2026-12-03,12/03/2026,Thursday,12,03,2026,December,DEC,26
20261204,2026-12-04,12/04/2026,Friday,12,04,2026,December,DEC,26
20261205,2026-12-05,12/05/2026,Saturday,12,05,2026,December,DEC,26
20261206,2026-12-06,12/06/2026,Sunday,12,06,2026,December,DEC,26
20261207,2026-12-07,12/07/2026,Monday,12,07,2026,December,DEC,26
20261208,2026-12-08,12/08/2026,Tuesday,12,08,2026,December,DEC,26
20261209,2026-12-09,12/09/2026,Wednesday,12,09,2026,December,DEC,26
20261210,2026-12-10,12/10/2026,Thursday,12,10,2026,December,DEC,26
20261211,2026-12-11,12/11/2026,Friday,12,11,2026,December,DEC,26
20261212,2026-12-12,12/12/2026,Saturday,12,12,2026,December,DEC,26
20261213,2026-12-13,12/13/2026,Sunday,12,13,2026,December,DEC,26
20261214,2026-12-14,12/14/2026,Monday,12,14,2026,December,DEC,26
20261215,2026-12-15,12/15/2026,Tuesday,12,15,2026,December,DEC,26
20261216,2026-12-16,12/16/2026,Wednesday,12,16,2026,December,DEC,26
20261217,2026-12-17,12/17/2026,Thursday,12,17,2026,December,DEC,26
20261218,2026-12-18,12/18/2026,Friday,12,18,2026,December,DEC,26
20261219,2026-12-19,12/19/2026,Saturday,12,19,2026,December,DEC,26
20261220,2026-12-20,12/20/2026,Sunday,12,20,2026,December,DEC,26
20261221,2026-12-21,12/21/2026,Monday,12,21,2026,December,DEC,26
20261222,2026-12-22,12/22/2026,Tuesday,12,22,2026,December,DEC,26
20261223,2026-12-23,12/23/2026,Wednesday,12,23,2026,December,DEC,26
20261224,2026-12-24,12/24/2026,Thursday,12,24,2026,December,DEC,26
20261225,2026-12-25,12/25/2026,Friday,12,25,2026,December,DEC,26
20261226,2026-12-26,12/26/2026,Saturday,12,26,2026,December,DEC,26
20261227,2026-12-27,12/27/2026,Sunday,12,27,2026,December,DEC,26
20261228,2026-12-28,12/28/2026,Monday,12,28,2026,December,DEC,26
20261229,2026-12-29,12/29/2026,Tuesday,12,29,2026,December,DEC,26
20261230,2026-12-30,12/30/2026,Wednesday,12,30,2026,December,DEC,26
20261231,2026-12-31,12/31/2026,Thursday,12,31,2026,December,DEC,26
20270101,2027-01-01,01/01/2027,Friday,01,01,2027,January,JAN,27
20270102,2027-01-02,01/02/2027,Saturday,01,02,2027,January,JAN,27
20270103,2027-01-03,01/03/2027,Sunday,01,03,2027,January,JAN,27
20270104,2027-01-04,01/04/2027,Monday,01,04,2027,January,JAN,27
20270105,2027-01-05,01/05/2027,Tuesday,01,05,2027,January,JAN,27
20270106,2027-01-06,01/06/2027,Wednesday,01,06,2027,January,JAN,27
20270107,2027-01-07,01/07/2027,Thursday,01,07,2027,January,JAN,27
20270108,2027-01-08,01/08/2027,Friday,01,08,2027,January,JAN,27
20270109,2027-01-09,01/09/2027,Saturday,01,09,2027,January,JAN,27
20270110,2027-01-10,01/10/2027,Sunday,01,10,2027,January,JAN,27
20270111,2027-01-11,01/11/2027,Monday,01,11,2027,January,JAN,27
20270112,2027-01-12,01/12/2027,Tuesday,01,12,2027,January,JAN,27
20270113,2027-01-13,01/13/2027,Wednesday,01,13,2027,January,JAN,27
20270114,2027-01-14,01/14/2027,Thursday,01,14,2027,January,JAN,27
20270115,2027-01-15,01/15/2027,Friday,01,15,2027,January,JAN,27
20270116,2027-01-16,01/16/2027,Saturday,01,16,2027,January,JAN,27
20270117,2027-01-17,01/17/2027,Sunday,01,17,2027,January,JAN,27
20270118,2027-01-18,01/18/2027,Monday,01,18,2027,January,JAN,27
20270119,2027-01-19,01/19/2027,Tuesday,01,19,2027,January,JAN,27
20270120,2027-01-20,01/20/2027,Wednesday,01,20,2027,January,JAN,27
20270121,2027-01-21,01/21/2027,Thursday,01,21,2027,January,JAN,27
20270122,2027-01-22,01/22/2027,Friday,01,22,2027,January,JAN,27
20270123,2027-01-23,01/23/2027,Saturday,01,23,2027,January,JAN,27
20270124,2027-01-24,01/24/2027,Sunday,01,24,2027,January,JAN,27
20270125,2027-01-25,01/25/2027,Monday,01,25,2027,January,JAN,27
20270126,2027-01-26,01/26/2027,Tuesday,01,26,2027,January,JAN,27
20270127,2027-01-27,01/27/2027,Wednesday,01,27,2027,January,JAN,27
20270128,2027-01-28,01/28/2027,Thursday,01,28,2027,January,JAN,27
20270129,2027-01-29,01/29/2027,Friday,01,29,2027,January,JAN,27
20270130,2027-01-30,01/30/2027,Saturday,01,30,2027,January,JAN,27
20270131,2027-01-31,01/31/2027,Sunday,01,31,2027,January,JAN,27
20270201,2027-02-01,02/01/2027,Monday,02,01,2027,February,FEB,27
20270202,2027-02-02,02/02/2027,Tuesday,02,02,2027,February,FEB,27
20270203,2027-02-03,02/03/2027,Wednesday,02,03,2027,February,FEB,27
20270204,2027-02-04,02/04/2027,Thursday,02,04,2027,February,FEB,27
20270205,2027-02-05,02/05/2027,Friday,02,05,2027,February,FEB,27
20270206,2027-02-06,02/06/2027,Saturday,02,06,2027,February,FEB,27
20270207,2027-02-07,02/07/2027,Sunday,02,07,2027,February,FEB,27
20270208,2027-02-08,02/08/2027,Monday,02,08,2027,February,FEB,27
20270209,2027-02-09,02/09/2027,Tuesday,02,09,2027,February,FEB,27
20270210,2027-02-10,02/10/2027,Wednesday,02,10,2027,February,FEB,27
20270211,2027-02-11,02/11/2027,Thursday,02,11,2027,February,FEB,27
20270212,2027-02-12,02/12/2027,Friday,02,12,2027,February,FEB,27
20270213,2027-02-13,02/13/2027,Saturday,02,13,2027,February,FEB,27
20270214,2027-02-14,02/14/2027,Sunday,02,14,2027,February,FEB,27
20270215,2027-02-15,02/15/2027,Monday,02,15,2027,February,FEB,27
20270216,2027-02-16,02/16/2027,Tuesday,02,16,2027,February,FEB,27
20270217,2027-02-17,02/17/2027,Wednesday,02,17,2027,February,FEB,27
20270218,2027-02-18,02/18/2027,Thursday,02,18,2027,February,FEB,27
20270219,2027-02-19,02/19/2027,Friday,02,19,2027,February,FEB,27
20270220,2027-02-20,02/20/2027,Saturday,02,20,2027,February,FEB,27
20270221,2027-02-21,02/21/2027,Sunday,02,21,2027,February,FEB,27
20270222,2027-02-22,02/22/2027,Monday,02,22,2027,February,FEB,27
20270223,2027-02-23,02/23/2027,Tuesday,02,23,2027,February,FEB,27
20270224,2027-02-24,02/24/2027,Wednesday,02,24,2027,February,FEB,27
20270225,2027-02-25,02/25/2027,Thursday,02,25,2027,February,FEB,27
20270226,2027-02-26,02/26/2027,Friday,02,26,2027,February,FEB,27
20270227,2027-02-27,02/27/2027,Saturday,02,27,2027,February,FEB,27
20270228,2027-02-28,02/28/2027,Sunday,02,28,2027,February,FEB,27
20270301,2027-03-01,03/01/2027,Monday,03,01,2027,March,MAR,27
20270302,2027-03-02,03/02/2027,Tuesday,03,02,2027,March,MAR,27
20270303,2027-03-03,03/03/2027,Wednesday,03,03,2027,March,MAR,27
20270304,2027-03-04,03/04/2027,Thursday,03,04,2027,March,MAR,27
20270305,2027-03-05,03/05/2027,Friday,03,05,2027,March,MAR,27
20270306,2027-03-06,03/06/2027,Saturday,03,06,2027,March,MAR,27
20270307,2027-03-07,03/07/2027,Sunday,03,07,2027,March,MAR,27
20270308,2027-03-08,03/08/2027,Monday,03,08,2027,March,MAR,27
20270309,2027-03-09,03/09/2027,Tuesday,03,09,2027,March,MAR,27
20270310,2027-03-10,03/10/2027,Wednesday,03,10,2027,March,MAR,27
20270311,2027-03-11,03/11/2027,Thursday,03,11,2027,March,MAR,27
20270312,2027-03-12,03/12/2027,Friday,03,12,2027,March,MAR,27
20270313,2027-03-13,03/13/2027,Saturday,03,13,2027,March,MAR,27
20270314,2027-03-14,03/14/2027,Sunday,03,14,2027,March,MAR,27
20270315,2027-03-15,03/15/2027,Monday,03,15,2027,March,MAR,27
20270316,2027-03-16,03/16/2027,Tuesday,03,16,2027,March,MAR,27
20270317,2027-03-17,03/17/2027,Wednesday,03,17,2027,March,MAR,27
20270318,2027-03-18,03/18/2027,Thursday,03,18,2027,March,MAR,27
20270319,2027-03-19,03/19/2027,Friday,03,19,2027,March,MAR,27
20270320,2027-03-20,03/20/2027,Saturday,03,20,2027,March,MAR,27
20270321,2027-03-21,03/21/2027,Sunday,03,21,2027,March,MAR,27
20270322,2027-03-22,03/22/2027,Monday,03,22,2027,March,MAR,27
20270323,2027-03-23,03/23/2027,Tuesday,03,23,2027,March,MAR,27
20270324,2027-03-24,03/24/2027,Wednesday,03,24,2027,March,MAR,27
20270325,2027-03-25,03/25/2027,Thursday,03,25,2027,March,MAR,27
20270326,2027-03-26,03/26/2027,Friday,03,26,2027,March,MAR,27
20270327,2027-03-27,03/27/2027,Saturday,03,27,2027,March,MAR,27
20270328,2027-03-28,03/28/2027,Sunday,03,28,2027,March,MAR,27
20270329,2027-03-29,03/29/2027,Monday,03,29,2027,March,MAR,27
20270330,2027-03-30,03/30/2027,Tuesday,03,30,2027,March,MAR,27
20270331,2027-03-31,03/31/2027,Wednesday,03,31,2027,March,MAR,27
20270401,2027-04-01,04/01/2027,Thursday,04,01,2027,April,APR,27
20270402,2027-04-02,04/02/2027,Friday,04,02,2027,April,APR,27
20270403,2027-04-03,04/03/2027,Saturday,04,03,2027,April,APR,27
20270404,2027-04-04,04/04/2027,Sunday,04,04,2027,April,APR,27
20270405,2027-04-05,04/05/2027,Monday,04,05,2027,April,APR,27
20270406,2027-04-06,04/06/2027,Tuesday,04,06,2027,April,APR,27
20270407,2027-04-07,04/07/2027,Wednesday,04,07,2027,April,APR,27
20270408,2027-04-08,04/08/2027,Thursday,04,08,2027,April,APR,27
20270409,2027-04-09,04/09/2027,Friday,04,09,2027,April,APR,27
20270410,2027-04-10,04/10/2027,Saturday,04,10,2027,April,APR,27
20270411,2027-04-11,04/11/2027,Sunday,04,11,2027,April,APR,27
20270412,2027-04-12,04/12/2027,Monday,04,12,2027,April,APR,27
20270413,2027-04-13,04/13/2027,Tuesday,04,13,2027,April,APR,27
20270414,2027-04-14,04/14/2027,Wednesday,04,14,2027,April,APR,27
20270415,2027-04-15,04/15/2027,Thursday,04,15,2027,April,APR,27
20270416,2027-04-16,04/16/2027,Friday,04,16,2027,April,APR,27
20270417,2027-04-17,04/17/2027,Saturday,04,17,2027,April,APR,27
20270418,2027-04-18,04/18/2027,Sunday,04,18,2027,April,APR,27
20270419,2027-04-19,04/19/2027,Monday,04,19,2027,April,APR,27
20270420,2027-04-20,04/20/2027,Tuesday,04,20,2027,April,APR,27
20270421,2027-04-21,04/21/2027,Wednesday,04,21,2027,April,APR,27
20270422,2027-04-22,04/22/2027,Thursday,04,22,2027,April,APR,27
20270423,2027-04-23,04/23/2027,Friday,04,23,2027,April,APR,27
20270424,2027-04-24,04/24/2027,Saturday,04,24,2027,April,APR,27
20270425,2027-04-25,04/25/2027,Sunday,04,25,2027,April,APR,27
20270426,2027-04-26,04/26/2027,Monday,04,26,2027,April,APR,27
20270427,2027-04-27,04/27/2027,Tuesday,04,27,2027,April,APR,27
20270428,2027-04-28,04/28/2027,Wednesday,04,28,2027,April,APR,27
20270429,2027-04-29,04/29/2027,Thursday,04,29,2027,April,APR,27
20270430,2027-04-30,04/30/2027,Friday,04,30,2027,April,APR,27
20270501,2027-05-01,05/01/2027,Saturday,05,01,2027,May,MAY,27
20270502,2027-05-02,05/02/2027,Sunday,05,02,2027,May,MAY,27
20270503,2027-05-03,05/03/2027,Monday,05,03,2027,May,MAY,27
20270504,2027-05-04,05/04/2027,Tuesday,05,04,2027,May,MAY,27
20270505,2027-05-05,05/05/2027,Wednesday,05,05,2027,May,MAY,27
20270506,2027-05-06,05/06/2027,Thursday,05,06,2027,May,MAY,27
20270507,2027-05-07,05/07/2027,Friday,05,07,2027,May,MAY,27
20270508,2027-05-08,05/08/2027,Saturday,05,08,2027,May,MAY,27
20270509,2027-05-09,05/09/2027,Sunday,05,09,2027,May,MAY,27
20270510,2027-05-10,05/10/2027,Monday,05,10,2027,May,MAY,27
20270511,2027-05-11,05/11/2027,Tuesday,05,11,2027,May,MAY,27
20270512,2027-05-12,05/12/2027,Wednesday,05,12,2027,May,MAY,27
20270513,2027-05-13,05/13/2027,Thursday,05,13,2027,May,MAY,27
20270514,2027-05-14,05/14/2027,Friday,05,14,2027,May,MAY,27
20270515,2027-05-15,05/15/2027,Saturday,05,15,2027,May,MAY,27
20270516,2027-05-16,05/16/2027,Sunday,05,16,2027,May,MAY,27
20270517,2027-05-17,05/17/2027,Monday,05,17,2027,May,MAY,27
20270518,2027-05-18,05/18/2027,Tuesday,05,18,2027,May,MAY,27
20270519,2027-05-19,05/19/2027,Wednesday,05,19,2027,May,MAY,27
20270520,2027-05-20,05/20/2027,Thursday,05,20,2027,May,MAY,27
20270521,2027-05-21,05/21/2027,Friday,05,21,2027,May,MAY,27
20270522,2027-05-22,05/22/2027,Saturday,05,22,2027,May,MAY,27
20270523,2027-05-23,05/23/2027,Sunday,05,23,2027,May,MAY,27
20270524,2027-05-24,05/24/2027,Monday,05,24,2027,May,MAY,27
20270525,2027-05-25,05/25/2027,Tuesday,05,25,2027,May,MAY,27
20270526,2027-05-26,05/26/2027,Wednesday,05,26,2027,May,MAY,27
20270527,2027-05-27,05/27/2027,Thursday,05,27,2027,May,MAY,27
20270528,2027-05-28,05/28/2027,Friday,05,28,2027,May,MAY,27
20270529,2027-05-29,05/29/2027,Saturday,05,29,2027,May,MAY,27
20270530,2027-05-30,05/30/2027,Sunday,05,30,2027,May,MAY,27
20270531,2027-05-31,05/31/2027,Monday,05,31,2027,May,MAY,27
20270601,2027-06-01,06/01/2027,Tuesday,06,01,2027,June,JUN,27
20270602,2027-06-02,06/02/2027,Wednesday,06,02,2027,June,JUN,27
20270603,2027-06-03,06/03/2027,Thursday,06,03,2027,June,JUN,27
20270604,2027-06-04,06/04/2027,Friday,06,04,2027,June,JUN,27
20270605,2027-06-05,06/05/2027,Saturday,06,05,2027,June,JUN,27
20270606,2027-06-06,06/06/2027,Sunday,06,06,2027,June,JUN,27
20270607,2027-06-07,06/07/2027,Monday,06,07,2027,June,JUN,27
20270608,2027-06-08,06/08/2027,Tuesday,06,08,2027,June,JUN,27
20270609,2027-06-09,06/09/2027,Wednesday,06,09,2027,June,JUN,27
20270610,2027-06-10,06/10/2027,Thursday,06,10,2027,June,JUN,27
20270611,2027-06-11,06/11/2027,Friday,06,11,2027,June,JUN,27
20270612,2027-06-12,06/12/2027,Saturday,06,12,2027,June,JUN,27
20270613,2027-06-13,06/13/2027,Sunday,06,13,2027,June,JUN,27
20270614,2027-06-14,06/14/2027,Monday,06,14,2027,June,JUN,27
20270615,2027-06-15,06/15/2027,Tuesday,06,15,2027,June,JUN,27
20270616,2027-06-16,06/16/2027,Wednesday,06,16,2027,June,JUN,27
20270617,2027-06-17,06/17/2027,Thursday,06,17,2027,June,JUN,27
20270618,2027-06-18,06/18/2027,Friday,06,18,2027,June,JUN,27
20270619,2027-06-19,06/19/2027,Saturday,06,19,2027,June,JUN,27
20270620,2027-06-20,06/20/2027,Sunday,06,20,2027,June,JUN,27
20270621,2027-06-21,06/21/2027,Monday,06,21,2027,June,JUN,27
20270622,2027-06-22,06/22/2027,Tuesday,06,22,2027,June,JUN,27
20270623,2027-06-23,06/23/2027,Wednesday,06,23,2027,June,JUN,27
20270624,2027-06-24,06/24/2027,Thursday,06,24,2027,June,JUN,27
20270625,2027-06-25,06/25/2027,Friday,06,25,2027,June,JUN,27
20270626,2027-06-26,06/26/2027,Saturday,06,26,2027,June,JUN,27
20270627,2027-06-27,06/27/2027,Sunday,06,27,2027,June,JUN,27
20270628,2027-06-28,06/28/2027,Monday,06,28,2027,June,JUN,27
20270629,2027-06-29,06/29/2027,Tuesday,06,29,2027,June,JUN,27
20270630,2027-06-30,06/30/2027,Wednesday,06,30,2027,June,JUN,27
20270701,2027-07-01,07/01/2027,Thursday,07,01,2027,July,JUL,27
20270702,2027-07-02,07/02/2027,Friday,07,02,2027,July,JUL,27
20270703,2027-07-03,07/03/2027,Saturday,07,03,2027,July,JUL,27
20270704,2027-07-04,07/04/2027,Sunday,07,04,2027,July,JUL,27
20270705,2027-07-05,07/05/2027,Monday,07,05,2027,July,JUL,27
20270706,2027-07-06,07/06/2027,Tuesday,07,06,2027,July,JUL,27
20270707,2027-07-07,07/07/2027,Wednesday,07,07,2027,July,JUL,27
20270708,2027-07-08,07/08/2027,Thursday,07,08,2027,July,JUL,27
20270709,2027-07-09,07/09/2027,Friday,07,09,2027,July,JUL,27
20270710,2027-07-10,07/10/2027,Saturday,07,10,2027,July,JUL,27
20270711,2027-07-11,07/11/2027,Sunday,07,11,2027,July,JUL,27
20270712,2027-07-12,07/12/2027,Monday,07,12,2027,July,JUL,27
20270713,2027-07-13,07/13/2027,Tuesday,07,13,2027,July,JUL,27
20270714,2027-07-14,07/14/2027,Wednesday,07,14,2027,July,JUL,27
20270715,2027-07-15,07/15/2027,Thursday,07,15,2027,July,JUL,27
20270716,2027-07-16,07/16/2027,Friday,07,16,2027,July,JUL,27
20270717,2027-07-17,07/17/2027,Saturday,07,17,2027,July,JUL,27
20270718,2027-07-18,07/18/2027,Sunday,07,18,2027,July,JUL,27
20270719,2027-07-19,07/19/2027,Monday,07,19,2027,July,JUL,27
20270720,2027-07-20,07/20/2027,Tuesday,07,20,2027,July,JUL,27
20270721,2027-07-21,07/21/2027,Wednesday,07,21,2027,July,JUL,27
20270722,2027-07-22,07/22/2027,Thursday,07,22,2027,July,JUL,27
20270723,2027-07-23,07/23/2027,Friday,07,23,2027,July,JUL,27
20270724,2027-07-24,07/24/2027,Saturday,07,24,2027,July,JUL,27
20270725,2027-07-25,07/25/2027,Sunday,07,25,2027,July,JUL,27
20270726,2027-07-26,07/26/2027,Monday,07,26,2027,July,JUL,27
20270727,2027-07-27,07/27/2027,Tuesday,07,27,2027,July,JUL,27
20270728,2027-07-28,07/28/2027,Wednesday,07,28,2027,July,JUL,27
20270729,2027-07-29,07/29/2027,Thursday,07,29,2027,July,JUL,27
20270730,2027-07-30,07/30/2027,Friday,07,30,2027,July,JUL,27
20270731,2027-07-31,07/31/2027,Saturday,07,31,2027,July,JUL,27
20270801,2027-08-01,08/01/2027,Sunday,08,01,2027,August,AUG,27
20270802,2027-08-02,08/02/2027,Monday,08,02,2027,August,AUG,27
20270803,2027-08-03,08/03/2027,Tuesday,08,03,2027,August,AUG,27
20270804,2027-08-04,08/04/2027,Wednesday,08,04,2027,August,AUG,27
20270805,2027-08-05,08/05/2027,Thursday,08,05,2027,August,AUG,27
20270806,2027-08-06,08/06/2027,Friday,08,06,2027,August,AUG,27
20270807,2027-08-07,08/07/2027,Saturday,08,07,2027,August,AUG,27
20270808,2027-08-08,08/08/2027,Sunday,08,08,2027,August,AUG,27
20270809,2027-08-09,08/09/2027,Monday,08,09,2027,August,AUG,27
20270810,2027-08-10,08/10/2027,Tuesday,08,10,2027,August,AUG,27
20270811,2027-08-11,08/11/2027,Wednesday,08,11,2027,August,AUG,27
20270812,2027-08-12,08/12/2027,Thursday,08,12,2027,August,AUG,27
20270813,2027-08-13,08/13/2027,Friday,08,13,2027,August,AUG,27
20270814,2027-08-14,08/14/2027,Saturday,08,14,2027,August,AUG,27
20270815,2027-08-15,08/15/2027,Sunday,08,15,2027,August,AUG,27
20270816,2027-08-16,08/16/2027,Monday,08,16,2027,August,AUG,27
20270817,2027-08-17,08/17/2027,Tuesday,08,17,2027,August,AUG,27
20270818,2027-08-18,08/18/2027,Wednesday,08,18,2027,August,AUG,27
20270819,2027-08-19,08/19/2027,Thursday,08,19,2027,August,AUG,27
20270820,2027-08-20,08/20/2027,Friday,08,20,2027,August,AUG,27
20270821,2027-08-21,08/21/2027,Saturday,08,21,2027,August,AUG,27
20270822,2027-08-22,08/22/2027,Sunday,08,22,2027,August,AUG,27
20270823,2027-08-23,08/23/2027,Monday,08,23,2027,August,AUG,27
20270824,2027-08-24,08/24/2027,Tuesday,08,24,2027,August,AUG,27
20270825,2027-08-25,08/25/2027,Wednesday,08,25,2027,August,AUG,27
20270826,2027-08-26,08/26/2027,Thursday,08,26,2027,August,AUG,27
20270827,2027-08-27,08/27/2027,Friday,08,27,2027,August,AUG,27
20270828,2027-08-28,08/28/2027,Saturday,08,28,2027,August,AUG,27
20270829,2027-08-29,08/29/2027,Sunday,08,29,2027,August,AUG,27
20270830,2027-08-30,08/30/2027,Monday,08,30,2027,August,AUG,27
20270831,2027-08-31,08/31/2027,Tuesday,08,31,2027,August,AUG,27
20270901,2027-09-01,09/01/2027,Wednesday,09,01,2027,September,SEP,27
20270902,2027-09-02,09/02/2027,Thursday,09,02,2027,September,SEP,27
20270903,2027-09-03,09/03/2027,Friday,09,03,2027,September,SEP,27
20270904,2027-09-04,09/04/2027,Saturday,09,04,2027,September,SEP,27
20270905,2027-09-05,09/05/2027,Sunday,09,05,2027,September,SEP,27
20270906,2027-09-06,09/06/2027,Monday,09,06,2027,September,SEP,27
20270907,2027-09-07,09/07/2027,Tuesday,09,07,2027,September,SEP,27
20270908,2027-09-08,09/08/2027,Wednesday,09,08,2027,September,SEP,27
20270909,2027-09-09,09/09/2027,Thursday,09,09,2027,September,SEP,27
20270910,2027-09-10,09/10/2027,Friday,09,10,2027,September,SEP,27
20270911,2027-09-11,09/11/2027,Saturday,09,11,2027,September,SEP,27
20270912,2027-09-12,09/12/2027,Sunday,09,12,2027,September,SEP,27
20270913,2027-09-13,09/13/2027,Monday,09,13,2027,September,SEP,27
20270914,2027-09-14,09/14/2027,Tuesday,09,14,2027,September,SEP,27
20270915,2027-09-15,09/15/2027,Wednesday,09,15,2027,September,SEP,27
20270916,2027-09-16,09/16/2027,Thursday,09,16,2027,September,SEP,27
20270917,2027-09-17,09/17/2027,Friday,09,17,2027,September,SEP,27
20270918,2027-09-18,09/18/2027,Saturday,09,18,2027,September,SEP,27
20270919,2027-09-19,09/19/2027,Sunday,09,19,2027,September,SEP,27
20270920,2027-09-20,09/20/2027,Monday,09,20,2027,September,SEP,27
20270921,2027-09-21,09/21/2027,Tuesday,09,21,2027,September,SEP,27
20270922,2027-09-22,09/22/2027,Wednesday,09,22,2027,September,SEP,27
20270923,2027-09-23,09/23/2027,Thursday,09,23,2027,September,SEP,27
20270924,2027-09-24,09/24/2027,Friday,09,24,2027,September,SEP,27
20270925,2027-09-25,09/25/2027,Saturday,09,25,2027,September,SEP,27
20270926,2027-09-26,09/26/2027,Sunday,09,26,2027,September,SEP,27
20270927,2027-09-27,09/27/2027,Monday,09,27,2027,September,SEP,27
20270928,2027-09-28,09/28/2027,Tuesday,09,28,2027,September,SEP,27
20270929,2027-09-29,09/29/2027,Wednesday,09,29,2027,September,SEP,27
20270930,2027-09-30,09/30/2027,Thursday,09,30,2027,September,SEP,27
20271001,2027-10-01,10/01/2027,Friday,10,01,2027,October,OCT,27
20271002,2027-10-02,10/02/2027,Saturday,10,02,2027,October,OCT,27
20271003,2027-10-03,10/03/2027,Sunday,10,03,2027,October,OCT,27
20271004,2027-10-04,10/04/2027,Monday,10,04,2027,October,OCT,27
20271005,2027-10-05,10/05/2027,Tuesday,10,05,2027,October,OCT,27
20271006,2027-10-06,10/06/2027,Wednesday,10,06,2027,October,OCT,27
20271007,2027-10-07,10/07/2027,Thursday,10,07,2027,October,OCT,27
20271008,2027-10-08,10/08/2027,Friday,10,08,2027,October,OCT,27
20271009,2027-10-09,10/09/2027,Saturday,10,09,2027,October,OCT,27
20271010,2027-10-10,10/10/2027,Sunday,10,10,2027,October,OCT,27
20271011,2027-10-11,10/11/2027,Monday,10,11,2027,October,OCT,27
20271012,2027-10-12,10/12/2027,Tuesday,10,12,2027,October,OCT,27
20271013,2027-10-13,10/13/2027,Wednesday,10,13,2027,October,OCT,27
20271014,2027-10-14,10/14/2027,Thursday,10,14,2027,October,OCT,27
20271015,2027-10-15,10/15/2027,Friday,10,15,2027,October,OCT,27
20271016,2027-10-16,10/16/2027,Saturday,10,16,2027,October,OCT,27
20271017,2027-10-17,10/17/2027,Sunday,10,17,2027,October,OCT,27
20271018,2027-10-18,10/18/2027,Monday,10,18,2027,October,OCT,27
20271019,2027-10-19,10/19/2027,Tuesday,10,19,2027,October,OCT,27
20271020,2027-10-20,10/20/2027,Wednesday,10,20,2027,October,OCT,27
20271021,2027-10-21,10/21/2027,Thursday,10,21,2027,October,OCT,27
20271022,2027-10-22,10/22/2027,Friday,10,22,2027,October,OCT,27
20271023,2027-10-23,10/23/2027,Saturday,10,23,2027,October,OCT,27
20271024,2027-10-24,10/24/2027,Sunday,10,24,2027,October,OCT,27
20271025,2027-10-25,10/25/2027,Monday,10,25,2027,October,OCT,27
20271026,2027-10-26,10/26/2027,Tuesday,10,26,2027,October,OCT,27
20271027,2027-10-27,10/27/2027,Wednesday,10,27,2027,October,OCT,27
20271028,2027-10-28,10/28/2027,Thursday,10,28,2027,October,OCT,27
20271029,2027-10-29,10/29/2027,Friday,10,29,2027,October,OCT,27
20271030,2027-10-30,10/30/2027,Saturday,10,30,2027,October,OCT,27
20271031,2027-10-31,10/31/2027,Sunday,10,31,2027,October,OCT,27
20271101,2027-11-01,11/01/2027,Monday,11,01,2027,November,NOV,27
20271102,2027-11-02,11/02/2027,Tuesday,11,02,2027,November,NOV,27
20271103,2027-11-03,11/03/2027,Wednesday,11,03,2027,November,NOV,27
20271104,2027-11-04,11/04/2027,Thursday,11,04,2027,November,NOV,27
20271105,2027-11-05,11/05/2027,Friday,11,05,2027,November,NOV,27
20271106,2027-11-06,11/06/2027,Saturday,11,06,2027,November,NOV,27
20271107,2027-11-07,11/07/2027,Sunday,11,07,2027,November,NOV,27
20271108,2027-11-08,11/08/2027,Monday,11,08,2027,November,NOV,27
20271109,2027-11-09,11/09/2027,Tuesday,11,09,2027,November,NOV,27
20271110,2027-11-10,11/10/2027,Wednesday,11,10,2027,November,NOV,27
20271111,2027-11-11,11/11/2027,Thursday,11,11,2027,November,NOV,27
20271112,2027-11-12,11/12/2027,Friday,11,12,2027,November,NOV,27
20271113,2027-11-13,11/13/2027,Saturday,11,13,2027,November,NOV,27
20271114,2027-11-14,11/14/2027,Sunday,11,14,2027,November,NOV,27
20271115,2027-11-15,11/15/2027,Monday,11,15,2027,November,NOV,27
20271116,2027-11-16,11/16/2027,Tuesday,11,16,2027,November,NOV,27
20271117,2027-11-17,11/17/2027,Wednesday,11,17,2027,November,NOV,27
20271118,2027-11-18,11/18/2027,Thursday,11,18,2027,November,NOV,27
20271119,2027-11-19,11/19/2027,Friday,11,19,2027,November,NOV,27
20271120,2027-11-20,11/20/2027,Saturday,11,20,2027,November,NOV,27
20271121,2027-11-21,11/21/2027,Sunday,11,21,2027,November,NOV,27
20271122,2027-11-22,11/22/2027,Monday,11,22,2027,November,NOV,27
20271123,2027-11-23,11/23/2027,Tuesday,11,23,2027,November,NOV,27
20271124,2027-11-24,11/24/2027,Wednesday,11,24,2027,November,NOV,27
20271125,2027-11-25,11/25/2027,Thursday,11,25,2027,November,NOV,27
20271126,2027-11-26,11/26/2027,Friday,11,26,2027,November,NOV,27
20271127,2027-11-27,11/27/2027,Saturday,11,27,2027,November,NOV,27
20271128,2027-11-28,11/28/2027,Sunday,11,28,2027,November,NOV,27
20271129,2027-11-29,11/29/2027,Monday,11,29,2027,November,NOV,27
20271130,2027-11-30,11/30/2027,Tuesday,11,30,2027,November,NOV,27
20271201,2027-12-01,12/01/2027,Wednesday,12,01,2027,December,DEC,27
20271202,2027-12-02,12/02/2027,Thursday,12,02,2027,December,DEC,27
20271203,2027-12-03,12/03/2027,Friday,12,03,2027,December,DEC,27
20271204,2027-12-04,12/04/2027,Saturday,12,04,2027,December,DEC,27
20271205,2027-12-05,12/05/2027,Sunday,12,05,2027,December,DEC,27
20271206,2027-12-06,12/06/2027,Monday,12,06,2027,December,DEC,27
20271207,2027-12-07,12/07/2027,Tuesday,12,07,2027,December,DEC,27
20271208,2027-12-08,12/08/2027,Wednesday,12,08,2027,December,DEC,27
20271209,2027-12-09,12/09/2027,Thursday,12,09,2027,December,DEC,27
20271210,2027-12-10,12/10/2027,Friday,12,10,2027,December,DEC,27
20271211,2027-12-11,12/11/2027,Saturday,12,11,2027,December,DEC,27
20271212,2027-12-12,12/12/2027,Sunday,12,12,2027,December,DEC,27
20271213,2027-12-13,12/13/2027,Monday,12,13,2027,December,DEC,27
20271214,2027-12-14,12/14/2027,Tuesday,12,14,2027,December,DEC,27
20271215,2027-12-15,12/15/2027,Wednesday,12,15,2027,December,DEC,27
20271216,2027-12-16,12/16/2027,Thursday,12,16,2027,December,DEC,27
20271217,2027-12-17,12/17/2027,Friday,12,17,2027,December,DEC,27
20271218,2027-12-18,12/18/2027,Saturday,12,18,2027,December,DEC,27
20271219,2027-12-19,12/19/2027,Sunday,12,19,2027,December,DEC,27
20271220,2027-12-20,12/20/2027,Monday,12,20,2027,December,DEC,27
20271221,2027-12-21,12/21/2027,Tuesday,12,21,2027,December,DEC,27
20271222,2027-12-22,12/22/2027,Wednesday,12,22,2027,December,DEC,27
20271223,2027-12-23,12/23/2027,Thursday,12,23,2027,December,DEC,27
20271224,2027-12-24,12/24/2027,Friday,12,24,2027,December,DEC,27
20271225,2027-12-25,12/25/2027,Saturday,12,25,2027,December,DEC,27
20271226,2027-12-26,12/26/2027,Sunday,12,26,2027,December,DEC,27
20271227,2027-12-27,12/27/2027,Monday,12,27,2027,December,DEC,27
20271228,2027-12-28,12/28/2027,Tuesday,12,28,2027,December,DEC,27
20271229,2027-12-29,12/29/2027,Wednesday,12,29,2027,December,DEC,27
20271230,2027-12-30,12/30/2027,Thursday,12,30,2027,December,DEC,27
20271231,2027-12-31,12/31/2027,Friday,12,31,2027,December,DEC,27
